document_id	pdf_page_index	warning	disposition	review_basis	notes
KB-MY-ACT678	62		CONFIRMED_BLANK	PROJECT_OWNER_CONFIRMED	Retained in immutable page extraction; excluded from candidate chunks.
KB-MY-ACT678	64		OCR_REQUIRED_OWNER_CLASSIFICATION_CONFLICT	SOURCE_BOUND_RENDER_VISUAL_REVIEW	Owner classified as blank, but rendered page visibly contains Royal Assent and Gazette publication metadata. Retained in component provenance; native extraction is empty and cannot become a text candidate until OCR/review.
KB-MY-CU	1	ROTATED_TEXT_OMITTED_BY_LAYOUT_MODE	ACCEPT_NATIVE_TEXT_ROTATED_TEMPLATE_LABEL_NONMATERIAL	SOURCE_BOUND_RENDER_VISUAL_AND_TEXT_COMPARISON	Rendered cover/spread and native extraction retain the source title and publisher/contact matter; omitted rotated spine text is redundant. This resolves only the extraction warning; claims and final structure remain review-gated.
KB-MY-FORME	1	PAGE_TEXT_LOW_VOLUME_REVIEW_REQUIRED	ACCEPT_LOW_VOLUME_TEXT_SOURCE_BOUND_VISUAL_REVIEW_CLAIM_REVIEW_REQUIRED	SOURCE_BOUND_RENDER_VISUAL_REVIEW	Rendered page contains only visibly represented source-title/divider text, decorative artwork, or running matter. This resolves the extraction-volume warning only; claim and fine-structure review remain required.
KB-MY-FORME	2	PAGE_TEXT_LOW_VOLUME_REVIEW_REQUIRED	ACCEPT_LOW_VOLUME_TEXT_SOURCE_BOUND_VISUAL_REVIEW_CLAIM_REVIEW_REQUIRED	SOURCE_BOUND_RENDER_VISUAL_REVIEW	Rendered page contains only visibly represented source-title/divider text, decorative artwork, or running matter. This resolves the extraction-volume warning only; claim and fine-structure review remain required.
KB-MY-FORME	9	PAGE_TEXT_LOW_VOLUME_REVIEW_REQUIRED	ACCEPT_LOW_VOLUME_TEXT_SOURCE_BOUND_VISUAL_REVIEW_CLAIM_REVIEW_REQUIRED	SOURCE_BOUND_RENDER_VISUAL_REVIEW	Rendered page contains only visibly represented source-title/divider text, decorative artwork, or running matter. This resolves the extraction-volume warning only; claim and fine-structure review remain required.
KB-MY-FORME	26	FONT_ENCODING_CFF_REQUIRES_FONTTOOLS	ACCEPT_TEXT_FONTTOOLS_NO_TEXT_DELTA	CONTROLLED_BEFORE_AFTER_BENCHMARK	fonttools==4.64.0 produced no text delta; separate rotated graphical content requires fallback.
KB-MY-FORME	26	PAGE_TEXT_LOW_VOLUME_REVIEW_REQUIRED	FALLBACK_REQUIRED_SUBSTANTIVE_GRAPHICAL_CONTENT	SOURCE_BOUND_RENDER_VISUAL_REVIEW	Rendered page contains a substantive diagram or illustrated procedure not adequately represented by native text; native page candidate is excluded pending reviewed fallback integration.
KB-MY-FORME	26	ROTATED_TEXT_OMITTED_BY_LAYOUT_MODE	FALLBACK_REQUIRED_SUBSTANTIVE_ROTATED_CONTENT	SOURCE_BOUND_RENDER_VISUAL_REVIEW	Page contains a substantive diagram or table and requires a graphical/rotated-content representation before final chunking.
KB-MY-FORME	29	PAGE_TEXT_LOW_VOLUME_REVIEW_REQUIRED	ACCEPT_LOW_VOLUME_TEXT_SOURCE_BOUND_VISUAL_REVIEW_CLAIM_REVIEW_REQUIRED	SOURCE_BOUND_RENDER_VISUAL_REVIEW	Rendered page contains only visibly represented source-title/divider text, decorative artwork, or running matter. This resolves the extraction-volume warning only; claim and fine-structure review remain required.
KB-MY-FORME	44	PAGE_TEXT_LOW_VOLUME_REVIEW_REQUIRED	ACCEPT_LOW_VOLUME_TEXT_SOURCE_BOUND_VISUAL_REVIEW_CLAIM_REVIEW_REQUIRED	SOURCE_BOUND_RENDER_VISUAL_REVIEW	Rendered page contains only visibly represented source-title/divider text, decorative artwork, or running matter. This resolves the extraction-volume warning only; claim and fine-structure review remain required.
KB-MY-FORME	68	PAGE_TEXT_LOW_VOLUME_REVIEW_REQUIRED	ACCEPT_LOW_VOLUME_TEXT_SOURCE_BOUND_VISUAL_REVIEW_CLAIM_REVIEW_REQUIRED	SOURCE_BOUND_RENDER_VISUAL_REVIEW	Rendered page contains only visibly represented source-title/divider text, decorative artwork, or running matter. This resolves the extraction-volume warning only; claim and fine-structure review remain required.
KB-MY-FORME	87	PAGE_TEXT_LOW_VOLUME_REVIEW_REQUIRED	ACCEPT_LOW_VOLUME_TEXT_SOURCE_BOUND_VISUAL_REVIEW_CLAIM_REVIEW_REQUIRED	SOURCE_BOUND_RENDER_VISUAL_REVIEW	Rendered page contains only visibly represented source-title/divider text, decorative artwork, or running matter. This resolves the extraction-volume warning only; claim and fine-structure review remain required.
KB-MY-FORME	92	PAGE_TEXT_LOW_VOLUME_REVIEW_REQUIRED	ACCEPT_LOW_VOLUME_TEXT_SOURCE_BOUND_VISUAL_REVIEW_CLAIM_REVIEW_REQUIRED	SOURCE_BOUND_RENDER_VISUAL_REVIEW	Rendered page contains only visibly represented source-title/divider text, decorative artwork, or running matter. This resolves the extraction-volume warning only; claim and fine-structure review remain required.
KB-MY-FORME	97	PAGE_TEXT_LOW_VOLUME_REVIEW_REQUIRED	ACCEPT_LOW_VOLUME_TEXT_SOURCE_BOUND_VISUAL_REVIEW_CLAIM_REVIEW_REQUIRED	SOURCE_BOUND_RENDER_VISUAL_REVIEW	Rendered page contains only visibly represented source-title/divider text, decorative artwork, or running matter. This resolves the extraction-volume warning only; claim and fine-structure review remain required.
KB-MY-FORME	102	PAGE_TEXT_LOW_VOLUME_REVIEW_REQUIRED	ACCEPT_LOW_VOLUME_TEXT_SOURCE_BOUND_VISUAL_REVIEW_CLAIM_REVIEW_REQUIRED	SOURCE_BOUND_RENDER_VISUAL_REVIEW	Rendered page contains only visibly represented source-title/divider text, decorative artwork, or running matter. This resolves the extraction-volume warning only; claim and fine-structure review remain required.
KB-MY-FORME	107	PAGE_TEXT_LOW_VOLUME_REVIEW_REQUIRED	ACCEPT_LOW_VOLUME_TEXT_SOURCE_BOUND_VISUAL_REVIEW_CLAIM_REVIEW_REQUIRED	SOURCE_BOUND_RENDER_VISUAL_REVIEW	Rendered page contains only visibly represented source-title/divider text, decorative artwork, or running matter. This resolves the extraction-volume warning only; claim and fine-structure review remain required.
KB-MY-FORME	117	PAGE_TEXT_LOW_VOLUME_REVIEW_REQUIRED	ACCEPT_LOW_VOLUME_TEXT_SOURCE_BOUND_VISUAL_REVIEW_CLAIM_REVIEW_REQUIRED	SOURCE_BOUND_RENDER_VISUAL_REVIEW	Rendered page contains only visibly represented source-title/divider text, decorative artwork, or running matter. This resolves the extraction-volume warning only; claim and fine-structure review remain required.
KB-MY-FORME	120	PAGE_TEXT_LOW_VOLUME_REVIEW_REQUIRED	ACCEPT_LOW_VOLUME_TEXT_SOURCE_BOUND_VISUAL_REVIEW_CLAIM_REVIEW_REQUIRED	SOURCE_BOUND_RENDER_VISUAL_REVIEW	Rendered page contains only visibly represented source-title/divider text, decorative artwork, or running matter. This resolves the extraction-volume warning only; claim and fine-structure review remain required.
KB-MY-FORME	211	ROTATED_TEXT_OMITTED_BY_LAYOUT_MODE	FALLBACK_REQUIRED_SUBSTANTIVE_ROTATED_CONTENT	SOURCE_BOUND_RENDER_VISUAL_REVIEW	Page contains a substantive diagram or table and requires a graphical/rotated-content representation before final chunking.
KB-MY-GMMRA	1	PAGE_TEXT_LOW_VOLUME_REVIEW_REQUIRED	ACCEPT_LOW_VOLUME_TEXT_SOURCE_BOUND_VISUAL_REVIEW_CLAIM_REVIEW_REQUIRED	SOURCE_BOUND_RENDER_VISUAL_REVIEW	Rendered page contains only visibly represented source-title/divider text, decorative artwork, or running matter. This resolves the extraction-volume warning only; claim and fine-structure review remain required.
KB-MY-GMMRA	42	ROTATED_TEXT_OMITTED_BY_LAYOUT_MODE	FALLBACK_REQUIRED_SUBSTANTIVE_ROTATED_STRUCTURE	SOURCE_BOUND_RENDER_VISUAL_AND_TEXT_COMPARISON	Rendered page contains a substantive likelihood-by-consequence risk-estimation matrix whose two-dimensional relationships are not represented authoritatively by native candidate text. Native page candidate is excluded pending reviewed fallback integration.
KB-MY-GMMRA	95	FONT_ENCODING_CFF_REQUIRES_FONTTOOLS	ACCEPT_TEXT_FONTTOOLS_NO_TEXT_DELTA	CONTROLLED_BEFORE_AFTER_BENCHMARK	fonttools==4.64.0 removed the warning but produced zero character or text-hash changes.
KB-MY-GMMRA	110	FONT_ENCODING_CFF_REQUIRES_FONTTOOLS	ACCEPT_TEXT_FONTTOOLS_NO_TEXT_DELTA	CONTROLLED_BEFORE_AFTER_BENCHMARK	fonttools==4.64.0 removed the warning but produced zero character or text-hash changes.
KB-MY-GMMRA	132	FONT_ENCODING_CFF_REQUIRES_FONTTOOLS	ACCEPT_TEXT_FONTTOOLS_NO_TEXT_DELTA	CONTROLLED_BEFORE_AFTER_BENCHMARK	fonttools==4.64.0 removed the warning but produced zero character or text-hash changes.
KB-MY-GMMRA	144	FONT_ENCODING_CFF_REQUIRES_FONTTOOLS	ACCEPT_TEXT_FONTTOOLS_NO_TEXT_DELTA	CONTROLLED_BEFORE_AFTER_BENCHMARK	fonttools==4.64.0 removed the warning but produced zero character or text-hash changes.
KB-MY-GMMRA	146	FONT_ENCODING_CFF_REQUIRES_FONTTOOLS	ACCEPT_TEXT_FONTTOOLS_NO_TEXT_DELTA	CONTROLLED_BEFORE_AFTER_BENCHMARK	fonttools==4.64.0 removed the warning but produced zero character or text-hash changes.
KB-MY-GMMRA	157	FONT_ENCODING_CFF_REQUIRES_FONTTOOLS	ACCEPT_TEXT_FONTTOOLS_NO_TEXT_DELTA	CONTROLLED_BEFORE_AFTER_BENCHMARK	fonttools==4.64.0 removed the warning but produced zero character or text-hash changes.
KB-MY-GMMRA	175	ROTATED_TEXT_OMITTED_BY_LAYOUT_MODE	FALLBACK_REQUIRED_SUBSTANTIVE_ROTATED_STRUCTURE	SOURCE_BOUND_RENDER_VISUAL_AND_TEXT_COMPARISON	Rendered page contains a substantive likelihood-by-consequence risk-estimation matrix whose two-dimensional relationships are not represented authoritatively by native candidate text. Native page candidate is excluded pending reviewed fallback integration.
KB-MY-REG2010	35		PARTIAL_INCLUDE_TARGET_INSTRUMENT	PROJECT_OWNER_APPROVED_EXACT_MARKER	Include text before the unique P.U. (A) 368. marker only.
KB-MY-REG2010	36		EXCLUDE_OUTSIDE_TARGET_INSTRUMENT	PROJECT_OWNER_APPROVED	P.U. (A) 368–372 remain in the source audit but cannot become candidate chunks.
KB-MY-REG2010	37		EXCLUDE_OUTSIDE_TARGET_INSTRUMENT	PROJECT_OWNER_APPROVED	P.U. (A) 368–372 remain in the source audit but cannot become candidate chunks.
KB-MY-REG2010	38		EXCLUDE_OUTSIDE_TARGET_INSTRUMENT	PROJECT_OWNER_APPROVED	P.U. (A) 368–372 remain in the source audit but cannot become candidate chunks.
KB-MY-REG2010	39		EXCLUDE_OUTSIDE_TARGET_INSTRUMENT	PROJECT_OWNER_APPROVED	P.U. (A) 368–372 remain in the source audit but cannot become candidate chunks.
KB-MY-REG2010	40		EXCLUDE_OUTSIDE_TARGET_INSTRUMENT	PROJECT_OWNER_APPROVED	P.U. (A) 368–372 remain in the source audit but cannot become candidate chunks.
KB-MY-REG2010	41		EXCLUDE_OUTSIDE_TARGET_INSTRUMENT	PROJECT_OWNER_APPROVED	P.U. (A) 368–372 remain in the source audit but cannot become candidate chunks.
KB-MY-REG2010	42		EXCLUDE_OUTSIDE_TARGET_INSTRUMENT	PROJECT_OWNER_APPROVED	P.U. (A) 368–372 remain in the source audit but cannot become candidate chunks.
KB-MY-REG2010	43		EXCLUDE_OUTSIDE_TARGET_INSTRUMENT	PROJECT_OWNER_APPROVED	P.U. (A) 368–372 remain in the source audit but cannot become candidate chunks.
KB-MY-REG2010	44		EXCLUDE_OUTSIDE_TARGET_INSTRUMENT	PROJECT_OWNER_APPROVED	P.U. (A) 368–372 remain in the source audit but cannot become candidate chunks.
KB-MY-REG2010	45		EXCLUDE_OUTSIDE_TARGET_INSTRUMENT	PROJECT_OWNER_APPROVED	P.U. (A) 368–372 remain in the source audit but cannot become candidate chunks.
KB-MY-SW2005	1	FONT_ENCODING_SYMBOLSET_UNSUPPORTED	ACCEPT_TEXT_TARGETED_VISUAL_MATCH_CLAIM_REVIEW_REQUIRED	SOURCE_BOUND_RENDER_VISUAL_AND_LAYOUT_COMPARISON	All visible substantive text and form/table labels are retained by native layout extraction. Blank form geometry is not candidate prose; legal claim, currentness, and final structure review remain required.
KB-MY-SW2005	2	FONT_ENCODING_SYMBOLSET_UNSUPPORTED	ACCEPT_TEXT_TARGETED_VISUAL_MATCH_CLAIM_REVIEW_REQUIRED	SOURCE_BOUND_RENDER_VISUAL_AND_LAYOUT_COMPARISON	All visible substantive text and form/table labels are retained by native layout extraction. Blank form geometry is not candidate prose; legal claim, currentness, and final structure review remain required.
KB-MY-SW2005	3	FONT_ENCODING_SYMBOLSET_UNSUPPORTED	ACCEPT_TEXT_TARGETED_VISUAL_MATCH_CLAIM_REVIEW_REQUIRED	SOURCE_BOUND_RENDER_VISUAL_AND_LAYOUT_COMPARISON	All visible substantive text and form/table labels are retained by native layout extraction. Blank form geometry is not candidate prose; legal claim, currentness, and final structure review remain required.
KB-MY-SW2005	4	FONT_ENCODING_SYMBOLSET_UNSUPPORTED	ACCEPT_TEXT_TARGETED_VISUAL_MATCH_CLAIM_REVIEW_REQUIRED	SOURCE_BOUND_RENDER_VISUAL_AND_LAYOUT_COMPARISON	All visible substantive text and form/table labels are retained by native layout extraction. Blank form geometry is not candidate prose; legal claim, currentness, and final structure review remain required.
KB-MY-SW2005	5	FONT_ENCODING_SYMBOLSET_UNSUPPORTED	ACCEPT_TEXT_TARGETED_VISUAL_MATCH_CLAIM_REVIEW_REQUIRED	SOURCE_BOUND_RENDER_VISUAL_AND_LAYOUT_COMPARISON	All visible substantive text and form/table labels are retained by native layout extraction. Blank form geometry is not candidate prose; legal claim, currentness, and final structure review remain required.
KB-MY-SW2005	6	FONT_ENCODING_SYMBOLSET_UNSUPPORTED	ACCEPT_TEXT_TARGETED_VISUAL_MATCH_CLAIM_REVIEW_REQUIRED	SOURCE_BOUND_RENDER_VISUAL_AND_LAYOUT_COMPARISON	All visible substantive text and form/table labels are retained by native layout extraction. Blank form geometry is not candidate prose; legal claim, currentness, and final structure review remain required.
KB-MY-SW2005	7	FONT_ENCODING_SYMBOLSET_UNSUPPORTED	ACCEPT_TEXT_TARGETED_VISUAL_MATCH_CLAIM_REVIEW_REQUIRED	SOURCE_BOUND_RENDER_VISUAL_AND_LAYOUT_COMPARISON	All visible substantive text and form/table labels are retained by native layout extraction. Blank form geometry is not candidate prose; legal claim, currentness, and final structure review remain required.
KB-MY-SW2005	8	FONT_ENCODING_SYMBOLSET_UNSUPPORTED	ACCEPT_TEXT_TARGETED_VISUAL_MATCH_CLAIM_REVIEW_REQUIRED	SOURCE_BOUND_RENDER_VISUAL_AND_LAYOUT_COMPARISON	All visible substantive text and form/table labels are retained by native layout extraction. Blank form geometry is not candidate prose; legal claim, currentness, and final structure review remain required.
KB-MY-SW2005	9	FONT_ENCODING_SYMBOLSET_UNSUPPORTED	ACCEPT_TEXT_TARGETED_VISUAL_MATCH_CLAIM_REVIEW_REQUIRED	SOURCE_BOUND_RENDER_VISUAL_AND_LAYOUT_COMPARISON	All visible substantive text and form/table labels are retained by native layout extraction. Blank form geometry is not candidate prose; legal claim, currentness, and final structure review remain required.
KB-MY-SW2005	10	FONT_ENCODING_SYMBOLSET_UNSUPPORTED	ACCEPT_TEXT_TARGETED_VISUAL_MATCH_CLAIM_REVIEW_REQUIRED	SOURCE_BOUND_RENDER_VISUAL_AND_LAYOUT_COMPARISON	All visible substantive text and form/table labels are retained by native layout extraction. Blank form geometry is not candidate prose; legal claim, currentness, and final structure review remain required.
KB-MY-SW2005	11	FONT_ENCODING_SYMBOLSET_UNSUPPORTED	ACCEPT_TEXT_TARGETED_VISUAL_MATCH_CLAIM_REVIEW_REQUIRED	SOURCE_BOUND_RENDER_VISUAL_AND_LAYOUT_COMPARISON	All visible substantive text and form/table labels are retained by native layout extraction. Blank form geometry is not candidate prose; legal claim, currentness, and final structure review remain required.
KB-MY-SW2005	12	FONT_ENCODING_SYMBOLSET_UNSUPPORTED	ACCEPT_TEXT_TARGETED_VISUAL_MATCH_CLAIM_REVIEW_REQUIRED	SOURCE_BOUND_RENDER_VISUAL_AND_LAYOUT_COMPARISON	All visible substantive text and form/table labels are retained by native layout extraction. Blank form geometry is not candidate prose; legal claim, currentness, and final structure review remain required.
KB-MY-SW2005	13	FONT_ENCODING_SYMBOLSET_UNSUPPORTED	ACCEPT_TEXT_TARGETED_VISUAL_MATCH_CLAIM_REVIEW_REQUIRED	SOURCE_BOUND_RENDER_VISUAL_REVIEW	Target text visibly matched native extraction; legal claim/currentness review remains required.
KB-MY-SW2005	14	FONT_ENCODING_SYMBOLSET_UNSUPPORTED	ACCEPT_TEXT_TARGETED_VISUAL_MATCH_CLAIM_REVIEW_REQUIRED	SOURCE_BOUND_RENDER_VISUAL_AND_LAYOUT_COMPARISON	All visible substantive text and form/table labels are retained by native layout extraction. Blank form geometry is not candidate prose; legal claim, currentness, and final structure review remain required.
KB-MY-SW2005	15	FONT_ENCODING_SYMBOLSET_UNSUPPORTED	ACCEPT_TEXT_TARGETED_VISUAL_MATCH_CLAIM_REVIEW_REQUIRED	SOURCE_BOUND_RENDER_VISUAL_AND_LAYOUT_COMPARISON	All visible substantive text and form/table labels are retained by native layout extraction. Blank form geometry is not candidate prose; legal claim, currentness, and final structure review remain required.
KB-MY-SW2005	16	FONT_ENCODING_SYMBOLSET_UNSUPPORTED	ACCEPT_TEXT_TARGETED_VISUAL_MATCH_CLAIM_REVIEW_REQUIRED	SOURCE_BOUND_RENDER_VISUAL_AND_LAYOUT_COMPARISON	All visible substantive text and form/table labels are retained by native layout extraction. Blank form geometry is not candidate prose; legal claim, currentness, and final structure review remain required.
KB-MY-SW2005	17	FONT_ENCODING_SYMBOLSET_UNSUPPORTED	ACCEPT_TEXT_TARGETED_VISUAL_MATCH_CLAIM_REVIEW_REQUIRED	SOURCE_BOUND_RENDER_VISUAL_AND_LAYOUT_COMPARISON	All visible substantive text and form/table labels are retained by native layout extraction. Blank form geometry is not candidate prose; legal claim, currentness, and final structure review remain required.
KB-MY-SW2005	18	FONT_ENCODING_SYMBOLSET_UNSUPPORTED	FALLBACK_REQUIRED_FOR_GRAPHICAL_LABEL_CONTENT	SOURCE_BOUND_RENDER_VISUAL_REVIEW	Essential hazard-label graphics are visible and are not represented authoritatively by native text alone.
KB-MY-SW2005	19	FONT_ENCODING_SYMBOLSET_UNSUPPORTED	FALLBACK_REQUIRED_FOR_GRAPHICAL_LABEL_CONTENT	SOURCE_BOUND_RENDER_VISUAL_REVIEW	Essential hazard-label graphics are visible and are not represented authoritatively by native text alone.
KB-MY-SW2005	20	FONT_ENCODING_SYMBOLSET_UNSUPPORTED	FALLBACK_REQUIRED_FOR_GRAPHICAL_LABEL_CONTENT	SOURCE_BOUND_RENDER_VISUAL_REVIEW	Essential hazard-label graphics are visible and are not represented authoritatively by native text alone.
KB-MY-SW2005	21	FONT_ENCODING_SYMBOLSET_UNSUPPORTED	FALLBACK_REQUIRED_FOR_GRAPHICAL_LABEL_CONTENT	SOURCE_BOUND_RENDER_VISUAL_REVIEW	Essential hazard-label graphics are visible and are not represented authoritatively by native text alone.
KB-MY-SW2005	22	FONT_ENCODING_SYMBOLSET_UNSUPPORTED	FALLBACK_REQUIRED_FOR_GRAPHICAL_LABEL_CONTENT	SOURCE_BOUND_RENDER_VISUAL_REVIEW	Essential hazard-label graphics are visible and are not represented authoritatively by native text alone.
KB-MY-SW2005	23	FONT_ENCODING_SYMBOLSET_UNSUPPORTED	FALLBACK_REQUIRED_FOR_GRAPHICAL_LABEL_CONTENT	SOURCE_BOUND_RENDER_VISUAL_REVIEW	Essential hazard-label graphics are visible and are not represented authoritatively by native text alone.
KB-MY-SW2005	24	FONT_ENCODING_SYMBOLSET_UNSUPPORTED	ACCEPT_TEXT_TARGETED_VISUAL_MATCH_CLAIM_REVIEW_REQUIRED	SOURCE_BOUND_RENDER_VISUAL_REVIEW	Target text visibly matched native extraction; legal claim/currentness review remains required.
KB-MY-SW2005	25	FONT_ENCODING_SYMBOLSET_UNSUPPORTED	ACCEPT_TEXT_TARGETED_VISUAL_MATCH_CLAIM_REVIEW_REQUIRED	SOURCE_BOUND_RENDER_VISUAL_AND_LAYOUT_COMPARISON	All visible substantive text and form/table labels are retained by native layout extraction. Blank form geometry is not candidate prose; legal claim, currentness, and final structure review remain required.
KB-MY-SW2005	26	FONT_ENCODING_SYMBOLSET_UNSUPPORTED	ACCEPT_TEXT_TARGETED_VISUAL_MATCH_CLAIM_REVIEW_REQUIRED	SOURCE_BOUND_RENDER_VISUAL_AND_LAYOUT_COMPARISON	All visible substantive text and form/table labels are retained by native layout extraction. Blank form geometry is not candidate prose; legal claim, currentness, and final structure review remain required.
KB-MY-SW2005	27	FONT_ENCODING_SYMBOLSET_UNSUPPORTED	ACCEPT_TEXT_TARGETED_VISUAL_MATCH_CLAIM_REVIEW_REQUIRED	SOURCE_BOUND_RENDER_VISUAL_AND_LAYOUT_COMPARISON	All visible substantive text and form/table labels are retained by native layout extraction. Blank form geometry is not candidate prose; legal claim, currentness, and final structure review remain required.
KB-MY-SW2005	28	FONT_ENCODING_SYMBOLSET_UNSUPPORTED	ACCEPT_TEXT_TARGETED_VISUAL_MATCH_CLAIM_REVIEW_REQUIRED	SOURCE_BOUND_RENDER_VISUAL_AND_LAYOUT_COMPARISON	All visible substantive text and form/table labels are retained by native layout extraction. Blank form geometry is not candidate prose; legal claim, currentness, and final structure review remain required.
KB-MY-SW2005	29	FONT_ENCODING_SYMBOLSET_UNSUPPORTED	ACCEPT_TEXT_TARGETED_VISUAL_MATCH_CLAIM_REVIEW_REQUIRED	SOURCE_BOUND_RENDER_VISUAL_AND_LAYOUT_COMPARISON	All visible substantive text and form/table labels are retained by native layout extraction. Blank form geometry is not candidate prose; legal claim, currentness, and final structure review remain required.
KB-MY-SW2005	30	FONT_ENCODING_SYMBOLSET_UNSUPPORTED	ACCEPT_TEXT_TARGETED_VISUAL_MATCH_CLAIM_REVIEW_REQUIRED	SOURCE_BOUND_RENDER_VISUAL_AND_LAYOUT_COMPARISON	All visible substantive text and form/table labels are retained by native layout extraction. Blank form geometry is not candidate prose; legal claim, currentness, and final structure review remain required.
KB-MY-SW2005	31	FONT_ENCODING_SYMBOLSET_UNSUPPORTED	ACCEPT_TEXT_TARGETED_VISUAL_MATCH_CLAIM_REVIEW_REQUIRED	SOURCE_BOUND_RENDER_VISUAL_AND_LAYOUT_COMPARISON	All visible substantive text and form/table labels are retained by native layout extraction. Blank form geometry is not candidate prose; legal claim, currentness, and final structure review remain required.
KB-MY-SW2005	32	FONT_ENCODING_SYMBOLSET_UNSUPPORTED	ACCEPT_TEXT_TARGETED_VISUAL_MATCH_CLAIM_REVIEW_REQUIRED	SOURCE_BOUND_RENDER_VISUAL_AND_LAYOUT_COMPARISON	All visible substantive text and form/table labels are retained by native layout extraction. Blank form geometry is not candidate prose; legal claim, currentness, and final structure review remain required.
KB-MY-SW2005	33	FONT_ENCODING_SYMBOLSET_UNSUPPORTED	ACCEPT_TEXT_TARGETED_VISUAL_MATCH_CLAIM_REVIEW_REQUIRED	SOURCE_BOUND_RENDER_VISUAL_AND_LAYOUT_COMPARISON	All visible substantive text and form/table labels are retained by native layout extraction. Blank form geometry is not candidate prose; legal claim, currentness, and final structure review remain required.
KB-MY-SW2005	34	FONT_ENCODING_SYMBOLSET_UNSUPPORTED	ACCEPT_TEXT_TARGETED_VISUAL_MATCH_CLAIM_REVIEW_REQUIRED	SOURCE_BOUND_RENDER_VISUAL_REVIEW	Target text visibly matched native extraction; legal claim/currentness review remains required.
KB-MY-TRANSPORT2023	1	PAGE_TEXT_LOW_VOLUME_REVIEW_REQUIRED	ACCEPT_LOW_VOLUME_TEXT_SOURCE_BOUND_VISUAL_REVIEW_CLAIM_REVIEW_REQUIRED	SOURCE_BOUND_RENDER_VISUAL_REVIEW	Rendered page contains only visibly represented source-title/divider text, decorative artwork, or running matter. This resolves the extraction-volume warning only; claim and fine-structure review remain required.
KB-WHO-BIOSEC	1	PAGE_TEXT_LOW_VOLUME_REVIEW_REQUIRED	ACCEPT_LOW_VOLUME_TEXT_SOURCE_BOUND_VISUAL_REVIEW_CLAIM_REVIEW_REQUIRED	SOURCE_BOUND_RENDER_VISUAL_REVIEW	Rendered page contains only visibly represented source-title/divider text, decorative artwork, or running matter. This resolves the extraction-volume warning only; claim and fine-structure review remain required.
KB-WHO-BIOSEC	2	PAGE_TEXT_EMPTY_POSSIBLE_SCAN_OR_DECORATIVE_PAGE	CONFIRMED_BLANK_SOURCE_BOUND_RENDER	SOURCE_BOUND_RENDER_VISUAL_REVIEW	Rendered page is visually blank; immutable extraction provenance is retained and no text candidate is generated.
KB-WHO-BIOSEC	3	PAGE_TEXT_LOW_VOLUME_REVIEW_REQUIRED	ACCEPT_LOW_VOLUME_TEXT_SOURCE_BOUND_VISUAL_REVIEW_CLAIM_REVIEW_REQUIRED	SOURCE_BOUND_RENDER_VISUAL_REVIEW	Rendered page contains only visibly represented source-title/divider text, decorative artwork, or running matter. This resolves the extraction-volume warning only; claim and fine-structure review remain required.
KB-WHO-BIOSEC	20	PAGE_TEXT_LOW_VOLUME_REVIEW_REQUIRED	ACCEPT_LOW_VOLUME_TEXT_SOURCE_BOUND_VISUAL_REVIEW_CLAIM_REVIEW_REQUIRED	SOURCE_BOUND_RENDER_VISUAL_REVIEW	Rendered page contains only visibly represented source-title/divider text, decorative artwork, or running matter. This resolves the extraction-volume warning only; claim and fine-structure review remain required.
KB-WHO-BIOSEC	22	FONT_ENCODING_CFF_REQUIRES_FONTTOOLS	ACCEPT_TEXT_FONTTOOLS_NO_TEXT_DELTA	CONTROLLED_BEFORE_AFTER_BENCHMARK	fonttools==4.64.0 removed the warning but produced zero character or text-hash changes.
KB-WHO-BIOSEC	43	FONT_ENCODING_CFF_REQUIRES_FONTTOOLS	ACCEPT_TEXT_FONTTOOLS_NO_TEXT_DELTA	CONTROLLED_BEFORE_AFTER_BENCHMARK	fonttools==4.64.0 removed the warning but produced zero character or text-hash changes.
KB-WHO-BIOSEC	67	FONT_ENCODING_CFF_REQUIRES_FONTTOOLS	ACCEPT_TEXT_FONTTOOLS_NO_TEXT_DELTA	CONTROLLED_BEFORE_AFTER_BENCHMARK	fonttools==4.64.0 removed the warning but produced zero character or text-hash changes.
KB-WHO-BIOSEC	93	PAGE_TEXT_LOW_VOLUME_REVIEW_REQUIRED	ACCEPT_LOW_VOLUME_TEXT_SOURCE_BOUND_VISUAL_REVIEW_CLAIM_REVIEW_REQUIRED	SOURCE_BOUND_RENDER_VISUAL_REVIEW	Rendered page contains only visibly represented source-title/divider text, decorative artwork, or running matter. This resolves the extraction-volume warning only; claim and fine-structure review remain required.
KB-WHO-BIOSEC	109	PAGE_TEXT_EMPTY_POSSIBLE_SCAN_OR_DECORATIVE_PAGE	CONFIRMED_BLANK_SOURCE_BOUND_RENDER	SOURCE_BOUND_RENDER_VISUAL_REVIEW	Rendered page is visually blank; immutable extraction provenance is retained and no text candidate is generated.
KB-WHO-LBM4	2	PAGE_TEXT_EMPTY_POSSIBLE_SCAN_OR_DECORATIVE_PAGE	ACCEPT_EMPTY_DECORATIVE_OR_PUBLISHER_ARTWORK	SOURCE_BOUND_RENDER_VISUAL_REVIEW	Rendered page is a solid-colour endpaper or publisher back cover without technical or regulatory claim content; no text candidate is generated.
KB-WHO-LBM4	20	PAGE_TEXT_LOW_VOLUME_REVIEW_REQUIRED	ACCEPT_LOW_VOLUME_TEXT_SOURCE_BOUND_VISUAL_REVIEW_CLAIM_REVIEW_REQUIRED	SOURCE_BOUND_RENDER_VISUAL_REVIEW	Rendered page contains only visibly represented source-title/divider text, decorative artwork, or running matter. This resolves the extraction-volume warning only; claim and fine-structure review remain required.
KB-WHO-LBM4	21	ROTATED_TEXT_OMITTED_BY_LAYOUT_MODE	ACCEPT_NATIVE_TEXT_ROTATED_TEMPLATE_LABEL_NONMATERIAL	SOURCE_BOUND_RENDER_VISUAL_AND_TEXT_COMPARISON	Visible headings, body prose, lists, and boxes are retained by native layout extraction; the warning-triggering rotated SECTION label is redundant template text. Claim and final structure review remain required.
KB-WHO-LBM4	24	PAGE_TEXT_LOW_VOLUME_REVIEW_REQUIRED	ACCEPT_LOW_VOLUME_TEXT_SOURCE_BOUND_VISUAL_REVIEW_CLAIM_REVIEW_REQUIRED	SOURCE_BOUND_RENDER_VISUAL_REVIEW	Rendered page contains only visibly represented source-title/divider text, decorative artwork, or running matter. This resolves the extraction-volume warning only; claim and fine-structure review remain required.
KB-WHO-LBM4	25	ROTATED_TEXT_OMITTED_BY_LAYOUT_MODE	ACCEPT_NATIVE_TEXT_ROTATED_TEMPLATE_LABEL_NONMATERIAL	SOURCE_BOUND_RENDER_VISUAL_AND_TEXT_COMPARISON	Visible headings, body prose, lists, and boxes are retained by native layout extraction; the warning-triggering rotated SECTION label is redundant template text. Claim and final structure review remain required.
KB-WHO-LBM4	43	ROTATED_TEXT_OMITTED_BY_LAYOUT_MODE	FALLBACK_REQUIRED_SUBSTANTIVE_ROTATED_STRUCTURE	SOURCE_BOUND_RENDER_VISUAL_AND_TEXT_COMPARISON	Rendered page contains a substantive likelihood-by-consequence control-measure figure whose spatial relationships are not represented authoritatively by native candidate text. Native page candidate is excluded pending reviewed fallback integration.
KB-WHO-LBM4	47	ROTATED_TEXT_OMITTED_BY_LAYOUT_MODE	ACCEPT_NATIVE_TEXT_ROTATED_TEMPLATE_LABEL_NONMATERIAL	SOURCE_BOUND_RENDER_VISUAL_AND_TEXT_COMPARISON	Visible headings, body prose, lists, and boxes are retained by native layout extraction; the warning-triggering rotated SECTION label is redundant template text. Claim and final structure review remain required.
KB-WHO-LBM4	68	PAGE_TEXT_LOW_VOLUME_REVIEW_REQUIRED	ACCEPT_LOW_VOLUME_TEXT_SOURCE_BOUND_VISUAL_REVIEW_CLAIM_REVIEW_REQUIRED	SOURCE_BOUND_RENDER_VISUAL_REVIEW	Rendered page contains only visibly represented source-title/divider text, decorative artwork, or running matter. This resolves the extraction-volume warning only; claim and fine-structure review remain required.
KB-WHO-LBM4	69	ROTATED_TEXT_OMITTED_BY_LAYOUT_MODE	ACCEPT_NATIVE_TEXT_ROTATED_TEMPLATE_LABEL_NONMATERIAL	SOURCE_BOUND_RENDER_VISUAL_AND_TEXT_COMPARISON	Visible headings, body prose, lists, and boxes are retained by native layout extraction; the warning-triggering rotated SECTION label is redundant template text. Claim and final structure review remain required.
KB-WHO-LBM4	78	PAGE_TEXT_LOW_VOLUME_REVIEW_REQUIRED	ACCEPT_LOW_VOLUME_TEXT_SOURCE_BOUND_VISUAL_REVIEW_CLAIM_REVIEW_REQUIRED	SOURCE_BOUND_RENDER_VISUAL_REVIEW	Rendered page contains only visibly represented source-title/divider text, decorative artwork, or running matter. This resolves the extraction-volume warning only; claim and fine-structure review remain required.
KB-WHO-LBM4	79	ROTATED_TEXT_OMITTED_BY_LAYOUT_MODE	ACCEPT_NATIVE_TEXT_ROTATED_TEMPLATE_LABEL_NONMATERIAL	SOURCE_BOUND_RENDER_VISUAL_AND_TEXT_COMPARISON	Visible headings, body prose, lists, and boxes are retained by native layout extraction; the warning-triggering rotated SECTION label is redundant template text. Claim and final structure review remain required.
KB-WHO-LBM4	85	ROTATED_TEXT_OMITTED_BY_LAYOUT_MODE	ACCEPT_NATIVE_TEXT_ROTATED_TEMPLATE_LABEL_NONMATERIAL	SOURCE_BOUND_RENDER_VISUAL_AND_TEXT_COMPARISON	Visible headings, body prose, lists, and boxes are retained by native layout extraction; the warning-triggering rotated SECTION label is redundant template text. Claim and final structure review remain required.
KB-WHO-LBM4	97	ROTATED_TEXT_OMITTED_BY_LAYOUT_MODE	ACCEPT_NATIVE_TEXT_ROTATED_TEMPLATE_LABEL_NONMATERIAL	SOURCE_BOUND_RENDER_VISUAL_AND_TEXT_COMPARISON	Visible headings, body prose, lists, and boxes are retained by native layout extraction; the warning-triggering rotated SECTION label is redundant template text. Claim and final structure review remain required.
KB-WHO-LBM4	103	ROTATED_TEXT_OMITTED_BY_LAYOUT_MODE	ACCEPT_NATIVE_TEXT_ROTATED_TEMPLATE_LABEL_NONMATERIAL	SOURCE_BOUND_RENDER_VISUAL_AND_TEXT_COMPARISON	Visible headings, body prose, lists, and boxes are retained by native layout extraction; the warning-triggering rotated SECTION label is redundant template text. Claim and final structure review remain required.
KB-WHO-LBM4	110	PAGE_TEXT_LOW_VOLUME_REVIEW_REQUIRED	ACCEPT_LOW_VOLUME_TEXT_SOURCE_BOUND_VISUAL_REVIEW_CLAIM_REVIEW_REQUIRED	SOURCE_BOUND_RENDER_VISUAL_REVIEW	Rendered page contains only visibly represented source-title/divider text, decorative artwork, or running matter. This resolves the extraction-volume warning only; claim and fine-structure review remain required.
KB-WHO-LBM4	111	ROTATED_TEXT_OMITTED_BY_LAYOUT_MODE	ACCEPT_NATIVE_TEXT_ROTATED_TEMPLATE_LABEL_NONMATERIAL	SOURCE_BOUND_RENDER_VISUAL_AND_TEXT_COMPARISON	Visible headings, body prose, lists, and boxes are retained by native layout extraction; the warning-triggering rotated SECTION label is redundant template text. Claim and final structure review remain required.
KB-WHO-LBM4	121	PAGE_TEXT_LOW_VOLUME_REVIEW_REQUIRED	ACCEPT_LOW_VOLUME_TEXT_SOURCE_BOUND_VISUAL_REVIEW_CLAIM_REVIEW_REQUIRED	SOURCE_BOUND_RENDER_VISUAL_REVIEW	Rendered page contains only visibly represented source-title/divider text, decorative artwork, or running matter. This resolves the extraction-volume warning only; claim and fine-structure review remain required.
KB-WHO-LBM4	122	PAGE_TEXT_EMPTY_POSSIBLE_SCAN_OR_DECORATIVE_PAGE	CONFIRMED_BLANK_SOURCE_BOUND_RENDER	SOURCE_BOUND_RENDER_VISUAL_REVIEW	Rendered page is visually blank; immutable extraction provenance is retained and no text candidate is generated.
KB-WHO-LBM4	123	PAGE_TEXT_EMPTY_POSSIBLE_SCAN_OR_DECORATIVE_PAGE	ACCEPT_EMPTY_DECORATIVE_OR_PUBLISHER_ARTWORK	SOURCE_BOUND_RENDER_VISUAL_REVIEW	Rendered page is a solid-colour endpaper or publisher back cover without technical or regulatory claim content; no text candidate is generated.
KB-WHO-LBM4	124	PAGE_TEXT_EMPTY_POSSIBLE_SCAN_OR_DECORATIVE_PAGE	ACCEPT_EMPTY_DECORATIVE_OR_PUBLISHER_ARTWORK	SOURCE_BOUND_RENDER_VISUAL_REVIEW	Rendered page is a solid-colour endpaper or publisher back cover without technical or regulatory claim content; no text candidate is generated.
KB-WHO-LBM4-BSC	2	PAGE_TEXT_LOW_VOLUME_REVIEW_REQUIRED	ACCEPT_LOW_VOLUME_TEXT_SOURCE_BOUND_VISUAL_REVIEW_CLAIM_REVIEW_REQUIRED	SOURCE_BOUND_RENDER_VISUAL_REVIEW	Rendered page contains only visibly represented source-title/divider text, decorative artwork, or running matter. This resolves the extraction-volume warning only; claim and fine-structure review remain required.
KB-WHO-LBM4-BSC	12	PAGE_TEXT_LOW_VOLUME_REVIEW_REQUIRED	ACCEPT_LOW_VOLUME_TEXT_SOURCE_BOUND_VISUAL_REVIEW_CLAIM_REVIEW_REQUIRED	SOURCE_BOUND_RENDER_VISUAL_REVIEW	Rendered page contains only visibly represented source-title/divider text, decorative artwork, or running matter. This resolves the extraction-volume warning only; claim and fine-structure review remain required.
KB-WHO-LBM4-BSC	13	ROTATED_TEXT_OMITTED_BY_LAYOUT_MODE	ACCEPT_NATIVE_TEXT_ROTATED_TEMPLATE_LABEL_NONMATERIAL	SOURCE_BOUND_RENDER_VISUAL_AND_TEXT_COMPARISON	Visible headings, body prose, lists, and table cell text are retained by native layout extraction; the warning-triggering rotated SECTION label is redundant template text. Table structure, claims, and final structure remain review-gated.
KB-WHO-LBM4-BSC	16	PAGE_TEXT_LOW_VOLUME_REVIEW_REQUIRED	ACCEPT_LOW_VOLUME_TEXT_SOURCE_BOUND_VISUAL_REVIEW_CLAIM_REVIEW_REQUIRED	SOURCE_BOUND_RENDER_VISUAL_REVIEW	Rendered page contains only visibly represented source-title/divider text, decorative artwork, or running matter. This resolves the extraction-volume warning only; claim and fine-structure review remain required.
KB-WHO-LBM4-BSC	17	ROTATED_TEXT_OMITTED_BY_LAYOUT_MODE	ACCEPT_NATIVE_TEXT_ROTATED_TEMPLATE_LABEL_NONMATERIAL	SOURCE_BOUND_RENDER_VISUAL_AND_TEXT_COMPARISON	Visible headings, body prose, lists, and table cell text are retained by native layout extraction; the warning-triggering rotated SECTION label is redundant template text. Table structure, claims, and final structure remain review-gated.
KB-WHO-LBM4-BSC	20	PAGE_TEXT_LOW_VOLUME_REVIEW_REQUIRED	ACCEPT_LOW_VOLUME_TEXT_SOURCE_BOUND_VISUAL_REVIEW_CLAIM_REVIEW_REQUIRED	SOURCE_BOUND_RENDER_VISUAL_REVIEW	Rendered page contains only visibly represented source-title/divider text, decorative artwork, or running matter. This resolves the extraction-volume warning only; claim and fine-structure review remain required.
KB-WHO-LBM4-BSC	21	ROTATED_TEXT_OMITTED_BY_LAYOUT_MODE	ACCEPT_NATIVE_TEXT_ROTATED_TEMPLATE_LABEL_NONMATERIAL	SOURCE_BOUND_RENDER_VISUAL_AND_TEXT_COMPARISON	Visible headings, body prose, lists, and table cell text are retained by native layout extraction; the warning-triggering rotated SECTION label is redundant template text. Table structure, claims, and final structure remain review-gated.
KB-WHO-LBM4-BSC	27	ROTATED_TEXT_OMITTED_BY_LAYOUT_MODE	ACCEPT_NATIVE_TEXT_ROTATED_TEMPLATE_LABEL_NONMATERIAL	SOURCE_BOUND_RENDER_VISUAL_AND_TEXT_COMPARISON	Visible headings, body prose, lists, and table cell text are retained by native layout extraction; the warning-triggering rotated SECTION label is redundant template text. Table structure, claims, and final structure remain review-gated.
KB-WHO-LBM4-BSC	47	PAGE_TEXT_EMPTY_POSSIBLE_SCAN_OR_DECORATIVE_PAGE	CONFIRMED_BLANK_SOURCE_BOUND_RENDER	SOURCE_BOUND_RENDER_VISUAL_REVIEW	Rendered page is visually blank; immutable extraction provenance is retained and no text candidate is generated.
KB-WHO-LBM4-BSC	48	PAGE_TEXT_EMPTY_POSSIBLE_SCAN_OR_DECORATIVE_PAGE	CONFIRMED_BLANK_SOURCE_BOUND_RENDER	SOURCE_BOUND_RENDER_VISUAL_REVIEW	Rendered page is visually blank; immutable extraction provenance is retained and no text candidate is generated.
KB-WHO-LBM4-BSC	49	PAGE_TEXT_LOW_VOLUME_REVIEW_REQUIRED	ACCEPT_LOW_VOLUME_TEXT_SOURCE_BOUND_VISUAL_REVIEW_CLAIM_REVIEW_REQUIRED	SOURCE_BOUND_RENDER_VISUAL_REVIEW	Rendered page contains only visibly represented source-title/divider text, decorative artwork, or running matter. This resolves the extraction-volume warning only; claim and fine-structure review remain required.
KB-WHO-LBM4-BSC	50	PAGE_TEXT_EMPTY_POSSIBLE_SCAN_OR_DECORATIVE_PAGE	ACCEPT_EMPTY_DECORATIVE_OR_PUBLISHER_ARTWORK	SOURCE_BOUND_RENDER_VISUAL_REVIEW	Rendered page is publisher back-cover artwork without technical or regulatory claim content; no text candidate is generated.
KB-WHO-LBM4-DECON	2	PAGE_TEXT_LOW_VOLUME_REVIEW_REQUIRED	ACCEPT_LOW_VOLUME_TEXT_SOURCE_BOUND_VISUAL_REVIEW_CLAIM_REVIEW_REQUIRED	SOURCE_BOUND_RENDER_VISUAL_REVIEW	Rendered page contains only visibly represented source-title/divider text, decorative artwork, or running matter. This resolves the extraction-volume warning only; claim and fine-structure review remain required.
KB-WHO-LBM4-DECON	12	PAGE_TEXT_LOW_VOLUME_REVIEW_REQUIRED	ACCEPT_LOW_VOLUME_TEXT_SOURCE_BOUND_VISUAL_REVIEW_CLAIM_REVIEW_REQUIRED	SOURCE_BOUND_RENDER_VISUAL_REVIEW	Rendered page contains only visibly represented source-title/divider text, decorative artwork, or running matter. This resolves the extraction-volume warning only; claim and fine-structure review remain required.
KB-WHO-LBM4-DECON	13	ROTATED_TEXT_OMITTED_BY_LAYOUT_MODE	ACCEPT_NATIVE_TEXT_ROTATED_TEMPLATE_LABEL_NONMATERIAL	SOURCE_BOUND_RENDER_VISUAL_AND_TEXT_COMPARISON	Visible headings, body prose, and table cell text are retained by native layout extraction; the warning-triggering rotated SECTION label is redundant template text. Table structure, claims, and final structure remain review-gated.
KB-WHO-LBM4-DECON	15	FONT_ENCODING_CFF_REQUIRES_FONTTOOLS	ACCEPT_TEXT_FONTTOOLS_NO_TEXT_DELTA	CONTROLLED_BEFORE_AFTER_BENCHMARK	fonttools==4.64.0 produced no text delta; rendered body prose is visible.
KB-WHO-LBM4-DECON	15	ROTATED_TEXT_OMITTED_BY_LAYOUT_MODE	ACCEPT_PROSE_ROTATED_SECTION_LABEL_NONMATERIAL	SOURCE_BOUND_RENDER_VISUAL_REVIEW	Body prose is visibly present; omitted rotated content is the section-side label. Figure semantics remain review-gated.
KB-WHO-LBM4-DECON	36	PAGE_TEXT_LOW_VOLUME_REVIEW_REQUIRED	ACCEPT_LOW_VOLUME_TEXT_SOURCE_BOUND_VISUAL_REVIEW_CLAIM_REVIEW_REQUIRED	SOURCE_BOUND_RENDER_VISUAL_REVIEW	Rendered page contains only visibly represented source-title/divider text, decorative artwork, or running matter. This resolves the extraction-volume warning only; claim and fine-structure review remain required.
KB-WHO-LBM4-DECON	37	ROTATED_TEXT_OMITTED_BY_LAYOUT_MODE	ACCEPT_NATIVE_TEXT_ROTATED_TEMPLATE_LABEL_NONMATERIAL	SOURCE_BOUND_RENDER_VISUAL_AND_TEXT_COMPARISON	Visible headings, body prose, and table cell text are retained by native layout extraction; the warning-triggering rotated SECTION label is redundant template text. Table structure, claims, and final structure remain review-gated.
KB-WHO-LBM4-DECON	48	PAGE_TEXT_LOW_VOLUME_REVIEW_REQUIRED	ACCEPT_LOW_VOLUME_TEXT_SOURCE_BOUND_VISUAL_REVIEW_CLAIM_REVIEW_REQUIRED	SOURCE_BOUND_RENDER_VISUAL_REVIEW	Rendered page contains only visibly represented source-title/divider text, decorative artwork, or running matter. This resolves the extraction-volume warning only; claim and fine-structure review remain required.
KB-WHO-LBM4-DECON	49	ROTATED_TEXT_OMITTED_BY_LAYOUT_MODE	ACCEPT_NATIVE_TEXT_ROTATED_TEMPLATE_LABEL_NONMATERIAL	SOURCE_BOUND_RENDER_VISUAL_AND_TEXT_COMPARISON	Visible headings, body prose, and table cell text are retained by native layout extraction; the warning-triggering rotated SECTION label is redundant template text. Table structure, claims, and final structure remain review-gated.
KB-WHO-LBM4-DECON	59	PAGE_TEXT_EMPTY_POSSIBLE_SCAN_OR_DECORATIVE_PAGE	CONFIRMED_BLANK_SOURCE_BOUND_RENDER	SOURCE_BOUND_RENDER_VISUAL_REVIEW	Rendered page is visually blank; immutable extraction provenance is retained and no text candidate is generated.
KB-WHO-LBM4-DECON	60	PAGE_TEXT_EMPTY_POSSIBLE_SCAN_OR_DECORATIVE_PAGE	CONFIRMED_BLANK_SOURCE_BOUND_RENDER	SOURCE_BOUND_RENDER_VISUAL_REVIEW	Rendered page is visually blank; immutable extraction provenance is retained and no text candidate is generated.
KB-WHO-LBM4-DECON	61	PAGE_TEXT_LOW_VOLUME_REVIEW_REQUIRED	ACCEPT_LOW_VOLUME_TEXT_SOURCE_BOUND_VISUAL_REVIEW_CLAIM_REVIEW_REQUIRED	SOURCE_BOUND_RENDER_VISUAL_REVIEW	Rendered page contains only visibly represented source-title/divider text, decorative artwork, or running matter. This resolves the extraction-volume warning only; claim and fine-structure review remain required.
KB-WHO-LBM4-DECON	62	PAGE_TEXT_LOW_VOLUME_REVIEW_REQUIRED	ACCEPT_LOW_VOLUME_TEXT_SOURCE_BOUND_VISUAL_REVIEW_CLAIM_REVIEW_REQUIRED	SOURCE_BOUND_RENDER_VISUAL_REVIEW	Rendered page contains only visibly represented source-title/divider text, decorative artwork, or running matter. This resolves the extraction-volume warning only; claim and fine-structure review remain required.
KB-WHO-LBM4-DESIGN	2	PAGE_TEXT_LOW_VOLUME_REVIEW_REQUIRED	ACCEPT_LOW_VOLUME_TEXT_SOURCE_BOUND_VISUAL_REVIEW_CLAIM_REVIEW_REQUIRED	SOURCE_BOUND_RENDER_VISUAL_REVIEW	Rendered page contains only visibly represented source-title/divider text, decorative artwork, or running matter. This resolves the extraction-volume warning only; claim and fine-structure review remain required.
KB-WHO-LBM4-DESIGN	17	PAGE_TEXT_LOW_VOLUME_REVIEW_REQUIRED	ACCEPT_LOW_VOLUME_TEXT_SOURCE_BOUND_VISUAL_REVIEW_CLAIM_REVIEW_REQUIRED	SOURCE_BOUND_RENDER_VISUAL_REVIEW	Rendered page contains only visibly represented source-title/divider text, decorative artwork, or running matter. This resolves the extraction-volume warning only; claim and fine-structure review remain required.
KB-WHO-LBM4-DESIGN	18	PAGE_TEXT_LOW_VOLUME_REVIEW_REQUIRED	ACCEPT_LOW_VOLUME_TEXT_SOURCE_BOUND_VISUAL_REVIEW_CLAIM_REVIEW_REQUIRED	SOURCE_BOUND_RENDER_VISUAL_REVIEW	Rendered page contains only visibly represented source-title/divider text, decorative artwork, or running matter. This resolves the extraction-volume warning only; claim and fine-structure review remain required.
KB-WHO-LBM4-DESIGN	19	ROTATED_TEXT_OMITTED_BY_LAYOUT_MODE	ACCEPT_NATIVE_TEXT_ROTATED_TEMPLATE_LABEL_NONMATERIAL	SOURCE_BOUND_RENDER_VISUAL_AND_TEXT_COMPARISON	Visible headings, body prose, and lists are retained by native layout extraction; the warning-triggering rotated SECTION label is redundant template text. Claim and final structure review remain required.
KB-WHO-LBM4-DESIGN	21	ROTATED_TEXT_OMITTED_BY_LAYOUT_MODE	ACCEPT_NATIVE_TEXT_ROTATED_TEMPLATE_LABEL_NONMATERIAL	SOURCE_BOUND_RENDER_VISUAL_AND_TEXT_COMPARISON	Visible headings, body prose, and lists are retained by native layout extraction; the warning-triggering rotated SECTION label is redundant template text. Claim and final structure review remain required.
KB-WHO-LBM4-DESIGN	28	PAGE_TEXT_LOW_VOLUME_REVIEW_REQUIRED	ACCEPT_LOW_VOLUME_TEXT_SOURCE_BOUND_VISUAL_REVIEW_CLAIM_REVIEW_REQUIRED	SOURCE_BOUND_RENDER_VISUAL_REVIEW	Rendered page contains only visibly represented source-title/divider text, decorative artwork, or running matter. This resolves the extraction-volume warning only; claim and fine-structure review remain required.
KB-WHO-LBM4-DESIGN	29	ROTATED_TEXT_OMITTED_BY_LAYOUT_MODE	ACCEPT_NATIVE_TEXT_ROTATED_TEMPLATE_LABEL_NONMATERIAL	SOURCE_BOUND_RENDER_VISUAL_AND_TEXT_COMPARISON	Visible headings, body prose, and lists are retained by native layout extraction; the warning-triggering rotated SECTION label is redundant template text. Claim and final structure review remain required.
KB-WHO-LBM4-DESIGN	36	PAGE_TEXT_LOW_VOLUME_REVIEW_REQUIRED	ACCEPT_LOW_VOLUME_TEXT_SOURCE_BOUND_VISUAL_REVIEW_CLAIM_REVIEW_REQUIRED	SOURCE_BOUND_RENDER_VISUAL_REVIEW	Rendered page contains only visibly represented source-title/divider text, decorative artwork, or running matter. This resolves the extraction-volume warning only; claim and fine-structure review remain required.
KB-WHO-LBM4-DESIGN	37	ROTATED_TEXT_OMITTED_BY_LAYOUT_MODE	ACCEPT_NATIVE_TEXT_ROTATED_TEMPLATE_LABEL_NONMATERIAL	SOURCE_BOUND_RENDER_VISUAL_AND_TEXT_COMPARISON	Visible headings, body prose, and lists are retained by native layout extraction; the warning-triggering rotated SECTION label is redundant template text. Claim and final structure review remain required.
KB-WHO-LBM4-DESIGN	43	ROTATED_TEXT_OMITTED_BY_LAYOUT_MODE	ACCEPT_NATIVE_TEXT_ROTATED_TEMPLATE_LABEL_NONMATERIAL	SOURCE_BOUND_RENDER_VISUAL_AND_TEXT_COMPARISON	Visible headings, body prose, and lists are retained by native layout extraction; the warning-triggering rotated SECTION label is redundant template text. Claim and final structure review remain required.
KB-WHO-LBM4-DESIGN	44	PAGE_TEXT_LOW_VOLUME_REVIEW_REQUIRED	ACCEPT_LOW_VOLUME_TEXT_SOURCE_BOUND_VISUAL_REVIEW_CLAIM_REVIEW_REQUIRED	SOURCE_BOUND_RENDER_VISUAL_REVIEW	Rendered page contains only visibly represented source-title/divider text, decorative artwork, or running matter. This resolves the extraction-volume warning only; claim and fine-structure review remain required.
KB-WHO-LBM4-DESIGN	45	ROTATED_TEXT_OMITTED_BY_LAYOUT_MODE	ACCEPT_NATIVE_TEXT_ROTATED_TEMPLATE_LABEL_NONMATERIAL	SOURCE_BOUND_RENDER_VISUAL_AND_TEXT_COMPARISON	Visible headings, body prose, and lists are retained by native layout extraction; the warning-triggering rotated SECTION label is redundant template text. Claim and final structure review remain required.
KB-WHO-LBM4-DESIGN	55	ROTATED_TEXT_OMITTED_BY_LAYOUT_MODE	FALLBACK_REQUIRED_SUBSTANTIVE_ROTATED_STRUCTURE	SOURCE_BOUND_RENDER_VISUAL_AND_TEXT_COMPARISON	Rendered page contains a substantive project flowchart whose sequence and branch relationships are not represented authoritatively by native candidate text. Native page candidate is excluded pending reviewed fallback integration.
KB-WHO-LBM4-DESIGN	62	PAGE_TEXT_LOW_VOLUME_REVIEW_REQUIRED	ACCEPT_LOW_VOLUME_TEXT_SOURCE_BOUND_VISUAL_REVIEW_CLAIM_REVIEW_REQUIRED	SOURCE_BOUND_RENDER_VISUAL_REVIEW	Rendered page contains only visibly represented source-title/divider text, decorative artwork, or running matter. This resolves the extraction-volume warning only; claim and fine-structure review remain required.
KB-WHO-LBM4-DESIGN	63	ROTATED_TEXT_OMITTED_BY_LAYOUT_MODE	ACCEPT_NATIVE_TEXT_ROTATED_TEMPLATE_LABEL_NONMATERIAL	SOURCE_BOUND_RENDER_VISUAL_AND_TEXT_COMPARISON	Visible headings, body prose, and lists are retained by native layout extraction; the warning-triggering rotated SECTION label is redundant template text. Claim and final structure review remain required.
KB-WHO-LBM4-DESIGN	70	PAGE_TEXT_LOW_VOLUME_REVIEW_REQUIRED	ACCEPT_LOW_VOLUME_TEXT_SOURCE_BOUND_VISUAL_REVIEW_CLAIM_REVIEW_REQUIRED	SOURCE_BOUND_RENDER_VISUAL_REVIEW	Rendered page contains only visibly represented source-title/divider text, decorative artwork, or running matter. This resolves the extraction-volume warning only; claim and fine-structure review remain required.
KB-WHO-LBM4-DESIGN	71	ROTATED_TEXT_OMITTED_BY_LAYOUT_MODE	FALLBACK_REQUIRED_SUBSTANTIVE_ROTATED_STRUCTURE	SOURCE_BOUND_RENDER_VISUAL_AND_TEXT_COMPARISON	Rendered page contains a substantive project flowchart whose sequence and branch relationships are not represented authoritatively by native candidate text. Native page candidate is excluded pending reviewed fallback integration.
KB-WHO-LBM4-DESIGN	78	PAGE_TEXT_LOW_VOLUME_REVIEW_REQUIRED	ACCEPT_LOW_VOLUME_TEXT_SOURCE_BOUND_VISUAL_REVIEW_CLAIM_REVIEW_REQUIRED	SOURCE_BOUND_RENDER_VISUAL_REVIEW	Rendered page contains only visibly represented source-title/divider text, decorative artwork, or running matter. This resolves the extraction-volume warning only; claim and fine-structure review remain required.
KB-WHO-LBM4-DESIGN	79	ROTATED_TEXT_OMITTED_BY_LAYOUT_MODE	ACCEPT_NATIVE_TEXT_ROTATED_TEMPLATE_LABEL_NONMATERIAL	SOURCE_BOUND_RENDER_VISUAL_AND_TEXT_COMPARISON	Visible headings, body prose, and lists are retained by native layout extraction; the warning-triggering rotated SECTION label is redundant template text. Claim and final structure review remain required.
KB-WHO-LBM4-DESIGN	86	PAGE_TEXT_EMPTY_POSSIBLE_SCAN_OR_DECORATIVE_PAGE	CONFIRMED_BLANK_SOURCE_BOUND_RENDER	SOURCE_BOUND_RENDER_VISUAL_REVIEW	Rendered page is visually blank; immutable extraction provenance is retained and no text candidate is generated.
KB-WHO-LBM4-DESIGN	87	PAGE_TEXT_LOW_VOLUME_REVIEW_REQUIRED	ACCEPT_LOW_VOLUME_TEXT_SOURCE_BOUND_VISUAL_REVIEW_CLAIM_REVIEW_REQUIRED	SOURCE_BOUND_RENDER_VISUAL_REVIEW	Rendered page contains only visibly represented source-title/divider text, decorative artwork, or running matter. This resolves the extraction-volume warning only; claim and fine-structure review remain required.
KB-WHO-LBM4-DESIGN	88	PAGE_TEXT_LOW_VOLUME_REVIEW_REQUIRED	ACCEPT_LOW_VOLUME_TEXT_SOURCE_BOUND_VISUAL_REVIEW_CLAIM_REVIEW_REQUIRED	SOURCE_BOUND_RENDER_VISUAL_REVIEW	Rendered page contains only visibly represented source-title/divider text, decorative artwork, or running matter. This resolves the extraction-volume warning only; claim and fine-structure review remain required.
KB-WHO-LBM4-OUTBREAK	2	PAGE_TEXT_LOW_VOLUME_REVIEW_REQUIRED	ACCEPT_LOW_VOLUME_TEXT_SOURCE_BOUND_VISUAL_REVIEW_CLAIM_REVIEW_REQUIRED	SOURCE_BOUND_RENDER_VISUAL_REVIEW	Rendered page contains only visibly represented source-title/divider text, decorative artwork, or running matter. This resolves the extraction-volume warning only; claim and fine-structure review remain required.
KB-WHO-LBM4-OUTBREAK	13	PAGE_TEXT_LOW_VOLUME_REVIEW_REQUIRED	ACCEPT_LOW_VOLUME_TEXT_SOURCE_BOUND_VISUAL_REVIEW_CLAIM_REVIEW_REQUIRED	SOURCE_BOUND_RENDER_VISUAL_REVIEW	Rendered page contains only visibly represented source-title/divider text, decorative artwork, or running matter. This resolves the extraction-volume warning only; claim and fine-structure review remain required.
KB-WHO-LBM4-OUTBREAK	14	PAGE_TEXT_LOW_VOLUME_REVIEW_REQUIRED	ACCEPT_LOW_VOLUME_TEXT_SOURCE_BOUND_VISUAL_REVIEW_CLAIM_REVIEW_REQUIRED	SOURCE_BOUND_RENDER_VISUAL_REVIEW	Rendered page contains only visibly represented source-title/divider text, decorative artwork, or running matter. This resolves the extraction-volume warning only; claim and fine-structure review remain required.
KB-WHO-LBM4-OUTBREAK	15	ROTATED_TEXT_OMITTED_BY_LAYOUT_MODE	ACCEPT_NATIVE_TEXT_ROTATED_TEMPLATE_LABEL_NONMATERIAL	SOURCE_BOUND_RENDER_VISUAL_AND_TEXT_COMPARISON	Visible headings, body prose, and lists are retained by native layout extraction; the warning-triggering rotated SECTION label is redundant template text. Claim and final structure review remain required.
KB-WHO-LBM4-OUTBREAK	19	ROTATED_TEXT_OMITTED_BY_LAYOUT_MODE	FALLBACK_REQUIRED_SUBSTANTIVE_ROTATED_STRUCTURE	SOURCE_BOUND_RENDER_VISUAL_AND_TEXT_COMPARISON	Rendered page contains a substantive cyclical framework or specimen workflow whose sequence and path relationships are not represented authoritatively by native candidate text. Native page candidate is excluded pending reviewed fallback integration.
KB-WHO-LBM4-OUTBREAK	26	PAGE_TEXT_LOW_VOLUME_REVIEW_REQUIRED	ACCEPT_LOW_VOLUME_TEXT_SOURCE_BOUND_VISUAL_REVIEW_CLAIM_REVIEW_REQUIRED	SOURCE_BOUND_RENDER_VISUAL_REVIEW	Rendered page contains only visibly represented source-title/divider text, decorative artwork, or running matter. This resolves the extraction-volume warning only; claim and fine-structure review remain required.
KB-WHO-LBM4-OUTBREAK	27	ROTATED_TEXT_OMITTED_BY_LAYOUT_MODE	ACCEPT_NATIVE_TEXT_ROTATED_TEMPLATE_LABEL_NONMATERIAL	SOURCE_BOUND_RENDER_VISUAL_AND_TEXT_COMPARISON	Visible headings, body prose, and lists are retained by native layout extraction; the warning-triggering rotated SECTION label is redundant template text. Claim and final structure review remain required.
KB-WHO-LBM4-OUTBREAK	31	ROTATED_TEXT_OMITTED_BY_LAYOUT_MODE	ACCEPT_NATIVE_TEXT_ROTATED_TEMPLATE_LABEL_NONMATERIAL	SOURCE_BOUND_RENDER_VISUAL_AND_TEXT_COMPARISON	Visible headings, body prose, and lists are retained by native layout extraction; the warning-triggering rotated SECTION label is redundant template text. Claim and final structure review remain required.
KB-WHO-LBM4-OUTBREAK	35	ROTATED_TEXT_OMITTED_BY_LAYOUT_MODE	ACCEPT_NATIVE_TEXT_ROTATED_TEMPLATE_LABEL_NONMATERIAL	SOURCE_BOUND_RENDER_VISUAL_AND_TEXT_COMPARISON	Visible headings, body prose, and lists are retained by native layout extraction; the warning-triggering rotated SECTION label is redundant template text. Claim and final structure review remain required.
KB-WHO-LBM4-OUTBREAK	36	PAGE_TEXT_LOW_VOLUME_REVIEW_REQUIRED	ACCEPT_LOW_VOLUME_TEXT_SOURCE_BOUND_VISUAL_REVIEW_CLAIM_REVIEW_REQUIRED	SOURCE_BOUND_RENDER_VISUAL_REVIEW	Rendered page contains only visibly represented source-title/divider text, decorative artwork, or running matter. This resolves the extraction-volume warning only; claim and fine-structure review remain required.
KB-WHO-LBM4-OUTBREAK	37	ROTATED_TEXT_OMITTED_BY_LAYOUT_MODE	ACCEPT_NATIVE_TEXT_ROTATED_TEMPLATE_LABEL_NONMATERIAL	SOURCE_BOUND_RENDER_VISUAL_AND_TEXT_COMPARISON	Visible headings, body prose, and lists are retained by native layout extraction; the warning-triggering rotated SECTION label is redundant template text. Claim and final structure review remain required.
KB-WHO-LBM4-OUTBREAK	38	ROTATED_TEXT_OMITTED_BY_LAYOUT_MODE	FALLBACK_REQUIRED_SUBSTANTIVE_ROTATED_STRUCTURE	SOURCE_BOUND_RENDER_VISUAL_AND_TEXT_COMPARISON	Rendered page contains a substantive cyclical framework or specimen workflow whose sequence and path relationships are not represented authoritatively by native candidate text. Native page candidate is excluded pending reviewed fallback integration.
KB-WHO-LBM4-OUTBREAK	52	PAGE_TEXT_LOW_VOLUME_REVIEW_REQUIRED	ACCEPT_LOW_VOLUME_TEXT_SOURCE_BOUND_VISUAL_REVIEW_CLAIM_REVIEW_REQUIRED	SOURCE_BOUND_RENDER_VISUAL_REVIEW	Rendered page contains only visibly represented source-title/divider text, decorative artwork, or running matter. This resolves the extraction-volume warning only; claim and fine-structure review remain required.
KB-WHO-LBM4-OUTBREAK	53	ROTATED_TEXT_OMITTED_BY_LAYOUT_MODE	ACCEPT_NATIVE_TEXT_ROTATED_TEMPLATE_LABEL_NONMATERIAL	SOURCE_BOUND_RENDER_VISUAL_AND_TEXT_COMPARISON	Visible headings, body prose, and lists are retained by native layout extraction; the warning-triggering rotated SECTION label is redundant template text. Claim and final structure review remain required.
KB-WHO-LBM4-OUTBREAK	58	PAGE_TEXT_LOW_VOLUME_REVIEW_REQUIRED	ACCEPT_LOW_VOLUME_TEXT_SOURCE_BOUND_VISUAL_REVIEW_CLAIM_REVIEW_REQUIRED	SOURCE_BOUND_RENDER_VISUAL_REVIEW	Rendered page contains only visibly represented source-title/divider text, decorative artwork, or running matter. This resolves the extraction-volume warning only; claim and fine-structure review remain required.
KB-WHO-LBM4-OUTBREAK	59	ROTATED_TEXT_OMITTED_BY_LAYOUT_MODE	ACCEPT_NATIVE_TEXT_ROTATED_TEMPLATE_LABEL_NONMATERIAL	SOURCE_BOUND_RENDER_VISUAL_AND_TEXT_COMPARISON	Visible headings, body prose, and lists are retained by native layout extraction; the warning-triggering rotated SECTION label is redundant template text. Claim and final structure review remain required.
KB-WHO-LBM4-OUTBREAK	61	ROTATED_TEXT_OMITTED_BY_LAYOUT_MODE	ACCEPT_NATIVE_TEXT_ROTATED_TEMPLATE_LABEL_NONMATERIAL	SOURCE_BOUND_RENDER_VISUAL_AND_TEXT_COMPARISON	Visible headings, body prose, and lists are retained by native layout extraction; the warning-triggering rotated SECTION label is redundant template text. Claim and final structure review remain required.
KB-WHO-LBM4-OUTBREAK	67	ROTATED_TEXT_OMITTED_BY_LAYOUT_MODE	ACCEPT_NATIVE_TEXT_ROTATED_TEMPLATE_LABEL_NONMATERIAL	SOURCE_BOUND_RENDER_VISUAL_AND_TEXT_COMPARISON	Visible headings, body prose, and lists are retained by native layout extraction; the warning-triggering rotated SECTION label is redundant template text. Claim and final structure review remain required.
KB-WHO-LBM4-OUTBREAK	69	ROTATED_TEXT_OMITTED_BY_LAYOUT_MODE	ACCEPT_NATIVE_TEXT_ROTATED_TEMPLATE_LABEL_NONMATERIAL	SOURCE_BOUND_RENDER_VISUAL_AND_TEXT_COMPARISON	Visible headings, body prose, and lists are retained by native layout extraction; the warning-triggering rotated SECTION label is redundant template text. Claim and final structure review remain required.
KB-WHO-LBM4-OUTBREAK	78	PAGE_TEXT_EMPTY_POSSIBLE_SCAN_OR_DECORATIVE_PAGE	CONFIRMED_BLANK_SOURCE_BOUND_RENDER	SOURCE_BOUND_RENDER_VISUAL_REVIEW	Rendered page is visually blank; immutable extraction provenance is retained and no text candidate is generated.
KB-WHO-LBM4-OUTBREAK	79	PAGE_TEXT_LOW_VOLUME_REVIEW_REQUIRED	ACCEPT_LOW_VOLUME_TEXT_SOURCE_BOUND_VISUAL_REVIEW_CLAIM_REVIEW_REQUIRED	SOURCE_BOUND_RENDER_VISUAL_REVIEW	Rendered page contains only visibly represented source-title/divider text, decorative artwork, or running matter. This resolves the extraction-volume warning only; claim and fine-structure review remain required.
KB-WHO-LBM4-OUTBREAK	80	PAGE_TEXT_LOW_VOLUME_REVIEW_REQUIRED	ACCEPT_LOW_VOLUME_TEXT_SOURCE_BOUND_VISUAL_REVIEW_CLAIM_REVIEW_REQUIRED	SOURCE_BOUND_RENDER_VISUAL_REVIEW	Rendered page contains only visibly represented source-title/divider text, decorative artwork, or running matter. This resolves the extraction-volume warning only; claim and fine-structure review remain required.
KB-WHO-LBM4-PPE	2	PAGE_TEXT_EMPTY_POSSIBLE_SCAN_OR_DECORATIVE_PAGE	ACCEPT_EMPTY_DECORATIVE_OR_PUBLISHER_ARTWORK	SOURCE_BOUND_RENDER_VISUAL_REVIEW	Rendered page is a solid-colour endpaper or publisher back cover without technical or regulatory claim content; no text candidate is generated.
KB-WHO-LBM4-PPE	16	PAGE_TEXT_LOW_VOLUME_REVIEW_REQUIRED	ACCEPT_LOW_VOLUME_TEXT_SOURCE_BOUND_VISUAL_REVIEW_CLAIM_REVIEW_REQUIRED	SOURCE_BOUND_RENDER_VISUAL_REVIEW	Rendered page contains only visibly represented source-title/divider text, decorative artwork, or running matter. This resolves the extraction-volume warning only; claim and fine-structure review remain required.
KB-WHO-LBM4-PPE	17	ROTATED_TEXT_OMITTED_BY_LAYOUT_MODE	ACCEPT_NATIVE_TEXT_ROTATED_TEMPLATE_LABEL_NONMATERIAL	SOURCE_BOUND_RENDER_VISUAL_AND_TEXT_COMPARISON	Visible headings, body prose, and lists are retained by native layout extraction; the warning-triggering rotated SECTION label is redundant template text. Claim and final structure review remain required.
KB-WHO-LBM4-PPE	20	PAGE_TEXT_LOW_VOLUME_REVIEW_REQUIRED	ACCEPT_LOW_VOLUME_TEXT_SOURCE_BOUND_VISUAL_REVIEW_CLAIM_REVIEW_REQUIRED	SOURCE_BOUND_RENDER_VISUAL_REVIEW	Rendered page contains only visibly represented source-title/divider text, decorative artwork, or running matter. This resolves the extraction-volume warning only; claim and fine-structure review remain required.
KB-WHO-LBM4-PPE	21	ROTATED_TEXT_OMITTED_BY_LAYOUT_MODE	ACCEPT_NATIVE_TEXT_ROTATED_TEMPLATE_LABEL_NONMATERIAL	SOURCE_BOUND_RENDER_VISUAL_AND_TEXT_COMPARISON	Visible headings, body prose, and lists are retained by native layout extraction; the warning-triggering rotated SECTION label is redundant template text. Claim and final structure review remain required.
KB-WHO-LBM4-PPE	29	ROTATED_TEXT_OMITTED_BY_LAYOUT_MODE	ACCEPT_NATIVE_TEXT_ROTATED_TEMPLATE_LABEL_NONMATERIAL	SOURCE_BOUND_RENDER_VISUAL_AND_TEXT_COMPARISON	Visible headings, body prose, and lists are retained by native layout extraction; the warning-triggering rotated SECTION label is redundant template text. Claim and final structure review remain required.
KB-WHO-LBM4-PPE	32	PAGE_TEXT_LOW_VOLUME_REVIEW_REQUIRED	ACCEPT_LOW_VOLUME_TEXT_SOURCE_BOUND_VISUAL_REVIEW_CLAIM_REVIEW_REQUIRED	SOURCE_BOUND_RENDER_VISUAL_REVIEW	Rendered page contains only visibly represented source-title/divider text, decorative artwork, or running matter. This resolves the extraction-volume warning only; claim and fine-structure review remain required.
KB-WHO-LBM4-PPE	33	ROTATED_TEXT_OMITTED_BY_LAYOUT_MODE	ACCEPT_NATIVE_TEXT_ROTATED_TEMPLATE_LABEL_NONMATERIAL	SOURCE_BOUND_RENDER_VISUAL_AND_TEXT_COMPARISON	Visible headings, body prose, and lists are retained by native layout extraction; the warning-triggering rotated SECTION label is redundant template text. Claim and final structure review remain required.
KB-WHO-LBM4-PPE	36	PAGE_TEXT_LOW_VOLUME_REVIEW_REQUIRED	ACCEPT_LOW_VOLUME_TEXT_SOURCE_BOUND_VISUAL_REVIEW_CLAIM_REVIEW_REQUIRED	SOURCE_BOUND_RENDER_VISUAL_REVIEW	Rendered page contains only visibly represented source-title/divider text, decorative artwork, or running matter. This resolves the extraction-volume warning only; claim and fine-structure review remain required.
KB-WHO-LBM4-PPE	37	ROTATED_TEXT_OMITTED_BY_LAYOUT_MODE	ACCEPT_NATIVE_TEXT_ROTATED_TEMPLATE_LABEL_NONMATERIAL	SOURCE_BOUND_RENDER_VISUAL_AND_TEXT_COMPARISON	Visible headings, body prose, and lists are retained by native layout extraction; the warning-triggering rotated SECTION label is redundant template text. Claim and final structure review remain required.
KB-WHO-LBM4-PPE	39	ROTATED_TEXT_OMITTED_BY_LAYOUT_MODE	ACCEPT_NATIVE_TEXT_ROTATED_TEMPLATE_LABEL_NONMATERIAL	SOURCE_BOUND_RENDER_VISUAL_AND_TEXT_COMPARISON	Visible headings, body prose, and lists are retained by native layout extraction; the warning-triggering rotated SECTION label is redundant template text. Claim and final structure review remain required.
KB-WHO-LBM4-PPE	42	PAGE_TEXT_LOW_VOLUME_REVIEW_REQUIRED	FALLBACK_REQUIRED_SUBSTANTIVE_GRAPHICAL_CONTENT	SOURCE_BOUND_RENDER_VISUAL_REVIEW	Rendered page contains a substantive diagram or illustrated procedure not adequately represented by native text; native page candidate is excluded pending reviewed fallback integration.
KB-WHO-LBM4-PPE	44	PAGE_TEXT_LOW_VOLUME_REVIEW_REQUIRED	ACCEPT_LOW_VOLUME_TEXT_SOURCE_BOUND_VISUAL_REVIEW_CLAIM_REVIEW_REQUIRED	SOURCE_BOUND_RENDER_VISUAL_REVIEW	Rendered page contains only visibly represented source-title/divider text, decorative artwork, or running matter. This resolves the extraction-volume warning only; claim and fine-structure review remain required.
KB-WHO-LBM4-PPE	45	ROTATED_TEXT_OMITTED_BY_LAYOUT_MODE	ACCEPT_NATIVE_TEXT_ROTATED_TEMPLATE_LABEL_NONMATERIAL	SOURCE_BOUND_RENDER_VISUAL_AND_TEXT_COMPARISON	Visible headings, body prose, and lists are retained by native layout extraction; the warning-triggering rotated SECTION label is redundant template text. Claim and final structure review remain required.
KB-WHO-LBM4-PPE	47	ROTATED_TEXT_OMITTED_BY_LAYOUT_MODE	ACCEPT_NATIVE_TEXT_ROTATED_TEMPLATE_LABEL_NONMATERIAL	SOURCE_BOUND_RENDER_VISUAL_AND_TEXT_COMPARISON	Visible headings, body prose, and lists are retained by native layout extraction; the warning-triggering rotated SECTION label is redundant template text. Claim and final structure review remain required.
KB-WHO-LBM4-PPE	52	PAGE_TEXT_LOW_VOLUME_REVIEW_REQUIRED	ACCEPT_LOW_VOLUME_TEXT_SOURCE_BOUND_VISUAL_REVIEW_CLAIM_REVIEW_REQUIRED	SOURCE_BOUND_RENDER_VISUAL_REVIEW	Rendered page contains only visibly represented source-title/divider text, decorative artwork, or running matter. This resolves the extraction-volume warning only; claim and fine-structure review remain required.
KB-WHO-LBM4-PPE	53	ROTATED_TEXT_OMITTED_BY_LAYOUT_MODE	ACCEPT_NATIVE_TEXT_ROTATED_TEMPLATE_LABEL_NONMATERIAL	SOURCE_BOUND_RENDER_VISUAL_AND_TEXT_COMPARISON	Visible headings, body prose, and lists are retained by native layout extraction; the warning-triggering rotated SECTION label is redundant template text. Claim and final structure review remain required.
KB-WHO-LBM4-PPE	55	ROTATED_TEXT_OMITTED_BY_LAYOUT_MODE	ACCEPT_NATIVE_TEXT_ROTATED_TEMPLATE_LABEL_NONMATERIAL	SOURCE_BOUND_RENDER_VISUAL_AND_TEXT_COMPARISON	Visible headings, body prose, and lists are retained by native layout extraction; the warning-triggering rotated SECTION label is redundant template text. Claim and final structure review remain required.
KB-WHO-LBM4-PPE	70	PAGE_TEXT_LOW_VOLUME_REVIEW_REQUIRED	ACCEPT_LOW_VOLUME_TEXT_SOURCE_BOUND_VISUAL_REVIEW_CLAIM_REVIEW_REQUIRED	SOURCE_BOUND_RENDER_VISUAL_REVIEW	Rendered page contains only visibly represented source-title/divider text, decorative artwork, or running matter. This resolves the extraction-volume warning only; claim and fine-structure review remain required.
KB-WHO-LBM4-PPE	71	ROTATED_TEXT_OMITTED_BY_LAYOUT_MODE	ACCEPT_NATIVE_TEXT_ROTATED_TEMPLATE_LABEL_NONMATERIAL	SOURCE_BOUND_RENDER_VISUAL_AND_TEXT_COMPARISON	Visible headings, body prose, and lists are retained by native layout extraction; the warning-triggering rotated SECTION label is redundant template text. Claim and final structure review remain required.
KB-WHO-LBM4-PPE	72	PAGE_TEXT_LOW_VOLUME_REVIEW_REQUIRED	ACCEPT_LOW_VOLUME_TEXT_SOURCE_BOUND_VISUAL_REVIEW_CLAIM_REVIEW_REQUIRED	SOURCE_BOUND_RENDER_VISUAL_REVIEW	Rendered page contains only visibly represented source-title/divider text, decorative artwork, or running matter. This resolves the extraction-volume warning only; claim and fine-structure review remain required.
KB-WHO-LBM4-PPE	73	ROTATED_TEXT_OMITTED_BY_LAYOUT_MODE	ACCEPT_NATIVE_TEXT_ROTATED_TEMPLATE_LABEL_NONMATERIAL	SOURCE_BOUND_RENDER_VISUAL_AND_TEXT_COMPARISON	Visible headings, body prose, and lists are retained by native layout extraction; the warning-triggering rotated SECTION label is redundant template text. Claim and final structure review remain required.
KB-WHO-LBM4-PPE	75	ROTATED_TEXT_OMITTED_BY_LAYOUT_MODE	ACCEPT_NATIVE_TEXT_ROTATED_TEMPLATE_LABEL_NONMATERIAL	SOURCE_BOUND_RENDER_VISUAL_AND_TEXT_COMPARISON	Visible headings, body prose, and lists are retained by native layout extraction; the warning-triggering rotated SECTION label is redundant template text. Claim and final structure review remain required.
KB-WHO-LBM4-PPE	80	PAGE_TEXT_LOW_VOLUME_REVIEW_REQUIRED	ACCEPT_LOW_VOLUME_TEXT_SOURCE_BOUND_VISUAL_REVIEW_CLAIM_REVIEW_REQUIRED	SOURCE_BOUND_RENDER_VISUAL_REVIEW	Rendered page contains only visibly represented source-title/divider text, decorative artwork, or running matter. This resolves the extraction-volume warning only; claim and fine-structure review remain required.
KB-WHO-LBM4-PPE	81	ROTATED_TEXT_OMITTED_BY_LAYOUT_MODE	ACCEPT_NATIVE_TEXT_ROTATED_TEMPLATE_LABEL_NONMATERIAL	SOURCE_BOUND_RENDER_VISUAL_AND_TEXT_COMPARISON	Visible headings, body prose, and lists are retained by native layout extraction; the warning-triggering rotated SECTION label is redundant template text. Claim and final structure review remain required.
KB-WHO-LBM4-PPE	93	PAGE_TEXT_LOW_VOLUME_REVIEW_REQUIRED	ACCEPT_LOW_VOLUME_TEXT_SOURCE_BOUND_VISUAL_REVIEW_CLAIM_REVIEW_REQUIRED	SOURCE_BOUND_RENDER_VISUAL_REVIEW	Rendered page contains only visibly represented source-title/divider text, decorative artwork, or running matter. This resolves the extraction-volume warning only; claim and fine-structure review remain required.
KB-WHO-LBM4-PPE	94	PAGE_TEXT_EMPTY_POSSIBLE_SCAN_OR_DECORATIVE_PAGE	CONFIRMED_BLANK_SOURCE_BOUND_RENDER	SOURCE_BOUND_RENDER_VISUAL_REVIEW	Rendered page is visually blank; immutable extraction provenance is retained and no text candidate is generated.
KB-WHO-LBM4-PPE	95	PAGE_TEXT_EMPTY_POSSIBLE_SCAN_OR_DECORATIVE_PAGE	ACCEPT_EMPTY_DECORATIVE_OR_PUBLISHER_ARTWORK	SOURCE_BOUND_RENDER_VISUAL_REVIEW	Rendered page is a solid-colour endpaper or publisher back cover without technical or regulatory claim content; no text candidate is generated.
KB-WHO-LBM4-PPE	96	PAGE_TEXT_EMPTY_POSSIBLE_SCAN_OR_DECORATIVE_PAGE	ACCEPT_EMPTY_DECORATIVE_OR_PUBLISHER_ARTWORK	SOURCE_BOUND_RENDER_VISUAL_REVIEW	Rendered page is a solid-colour endpaper or publisher back cover without technical or regulatory claim content; no text candidate is generated.
KB-WHO-LBM4-PROG	2	PAGE_TEXT_EMPTY_POSSIBLE_SCAN_OR_DECORATIVE_PAGE	ACCEPT_EMPTY_DECORATIVE_OR_PUBLISHER_ARTWORK	SOURCE_BOUND_RENDER_VISUAL_REVIEW	Rendered page is a solid-colour endpaper or publisher back cover without technical or regulatory claim content; no text candidate is generated.
KB-WHO-LBM4-PROG	15	PAGE_TEXT_LOW_VOLUME_REVIEW_REQUIRED	ACCEPT_LOW_VOLUME_TEXT_SOURCE_BOUND_VISUAL_REVIEW_CLAIM_REVIEW_REQUIRED	SOURCE_BOUND_RENDER_VISUAL_REVIEW	Rendered page contains only visibly represented source-title/divider text, decorative artwork, or running matter. This resolves the extraction-volume warning only; claim and fine-structure review remain required.
KB-WHO-LBM4-PROG	16	PAGE_TEXT_LOW_VOLUME_REVIEW_REQUIRED	ACCEPT_LOW_VOLUME_TEXT_SOURCE_BOUND_VISUAL_REVIEW_CLAIM_REVIEW_REQUIRED	SOURCE_BOUND_RENDER_VISUAL_REVIEW	Rendered page contains only visibly represented source-title/divider text, decorative artwork, or running matter. This resolves the extraction-volume warning only; claim and fine-structure review remain required.
KB-WHO-LBM4-PROG	17	ROTATED_TEXT_OMITTED_BY_LAYOUT_MODE	ACCEPT_NATIVE_TEXT_ROTATED_TEMPLATE_LABEL_NONMATERIAL	SOURCE_BOUND_RENDER_VISUAL_AND_TEXT_COMPARISON	Visible headings, body prose, and lists are retained by native layout extraction; the warning-triggering rotated SECTION label is redundant template text. Claim and final structure review remain required.
KB-WHO-LBM4-PROG	19	ROTATED_TEXT_OMITTED_BY_LAYOUT_MODE	ACCEPT_NATIVE_TEXT_ROTATED_TEMPLATE_LABEL_NONMATERIAL	SOURCE_BOUND_RENDER_VISUAL_AND_TEXT_COMPARISON	Native layout extraction retains the explanatory prose, all four management-cycle stages and their associated elements, the central cycle label, and the figure caption in readable order. The rotated SECTION label is redundant; diagram claims and final structure remain review-gated.
KB-WHO-LBM4-PROG	20	PAGE_TEXT_LOW_VOLUME_REVIEW_REQUIRED	ACCEPT_LOW_VOLUME_TEXT_SOURCE_BOUND_VISUAL_REVIEW_CLAIM_REVIEW_REQUIRED	SOURCE_BOUND_RENDER_VISUAL_REVIEW	Rendered page contains only visibly represented source-title/divider text, decorative artwork, or running matter. This resolves the extraction-volume warning only; claim and fine-structure review remain required.
KB-WHO-LBM4-PROG	21	ROTATED_TEXT_OMITTED_BY_LAYOUT_MODE	ACCEPT_NATIVE_TEXT_ROTATED_TEMPLATE_LABEL_NONMATERIAL	SOURCE_BOUND_RENDER_VISUAL_AND_TEXT_COMPARISON	Visible headings, body prose, and lists are retained by native layout extraction; the warning-triggering rotated SECTION label is redundant template text. Claim and final structure review remain required.
KB-WHO-LBM4-PROG	23	ROTATED_TEXT_OMITTED_BY_LAYOUT_MODE	ACCEPT_NATIVE_TEXT_ROTATED_TEMPLATE_LABEL_NONMATERIAL	SOURCE_BOUND_RENDER_VISUAL_AND_TEXT_COMPARISON	Visible headings, body prose, and lists are retained by native layout extraction; the warning-triggering rotated SECTION label is redundant template text. Claim and final structure review remain required.
KB-WHO-LBM4-PROG	27	ROTATED_TEXT_OMITTED_BY_LAYOUT_MODE	ACCEPT_NATIVE_TEXT_ROTATED_TEMPLATE_LABEL_NONMATERIAL	SOURCE_BOUND_RENDER_VISUAL_AND_TEXT_COMPARISON	Visible headings, body prose, and lists are retained by native layout extraction; the warning-triggering rotated SECTION label is redundant template text. Claim and final structure review remain required.
KB-WHO-LBM4-PROG	42	PAGE_TEXT_LOW_VOLUME_REVIEW_REQUIRED	ACCEPT_LOW_VOLUME_TEXT_SOURCE_BOUND_VISUAL_REVIEW_CLAIM_REVIEW_REQUIRED	SOURCE_BOUND_RENDER_VISUAL_REVIEW	Rendered page contains only visibly represented source-title/divider text, decorative artwork, or running matter. This resolves the extraction-volume warning only; claim and fine-structure review remain required.
KB-WHO-LBM4-PROG	56	ROTATED_TEXT_OMITTED_BY_LAYOUT_MODE	FALLBACK_REQUIRED_SUBSTANTIVE_ROTATED_STRUCTURE	SOURCE_BOUND_RENDER_VISUAL_AND_TEXT_COMPARISON	Rendered page contains a dense biosecurity risk-assessment table. Native extraction omits the rotated Description and Examples row-group labels and interleaves the examples across columns, so the row/column relationships are not represented authoritatively. Native page candidate is excluded pending reviewed semantic fallback integration.
KB-WHO-LBM4-PROG	58	PAGE_TEXT_LOW_VOLUME_REVIEW_REQUIRED	ACCEPT_LOW_VOLUME_TEXT_SOURCE_BOUND_VISUAL_REVIEW_CLAIM_REVIEW_REQUIRED	SOURCE_BOUND_RENDER_VISUAL_REVIEW	Rendered page contains only visibly represented source-title/divider text, decorative artwork, or running matter. This resolves the extraction-volume warning only; claim and fine-structure review remain required.
KB-WHO-LBM4-PROG	68	PAGE_TEXT_LOW_VOLUME_REVIEW_REQUIRED	ACCEPT_LOW_VOLUME_TEXT_SOURCE_BOUND_VISUAL_REVIEW_CLAIM_REVIEW_REQUIRED	SOURCE_BOUND_RENDER_VISUAL_REVIEW	Rendered page contains only visibly represented source-title/divider text, decorative artwork, or running matter. This resolves the extraction-volume warning only; claim and fine-structure review remain required.
KB-WHO-LBM4-PROG	80	PAGE_TEXT_LOW_VOLUME_REVIEW_REQUIRED	ACCEPT_LOW_VOLUME_TEXT_SOURCE_BOUND_VISUAL_REVIEW_CLAIM_REVIEW_REQUIRED	SOURCE_BOUND_RENDER_VISUAL_REVIEW	Rendered page contains only visibly represented source-title/divider text, decorative artwork, or running matter. This resolves the extraction-volume warning only; claim and fine-structure review remain required.
KB-WHO-LBM4-PROG	96	PAGE_TEXT_EMPTY_POSSIBLE_SCAN_OR_DECORATIVE_PAGE	CONFIRMED_BLANK_SOURCE_BOUND_RENDER	SOURCE_BOUND_RENDER_VISUAL_REVIEW	Rendered page is visually blank; immutable extraction provenance is retained and no text candidate is generated.
KB-WHO-LBM4-PROG	97	PAGE_TEXT_EMPTY_POSSIBLE_SCAN_OR_DECORATIVE_PAGE	ACCEPT_EMPTY_DECORATIVE_OR_PUBLISHER_ARTWORK	SOURCE_BOUND_RENDER_VISUAL_REVIEW	Rendered page is a solid-colour endpaper or publisher back cover without technical or regulatory claim content; no text candidate is generated.
KB-WHO-LBM4-PROG	98	PAGE_TEXT_EMPTY_POSSIBLE_SCAN_OR_DECORATIVE_PAGE	ACCEPT_EMPTY_DECORATIVE_OR_PUBLISHER_ARTWORK	SOURCE_BOUND_RENDER_VISUAL_REVIEW	Rendered page is a solid-colour endpaper or publisher back cover without technical or regulatory claim content; no text candidate is generated.
KB-WHO-LBM4-RA	2	PAGE_TEXT_LOW_VOLUME_REVIEW_REQUIRED	ACCEPT_LOW_VOLUME_TEXT_SOURCE_BOUND_VISUAL_REVIEW_CLAIM_REVIEW_REQUIRED	SOURCE_BOUND_RENDER_VISUAL_REVIEW	Rendered page contains only visibly represented source-title/divider text, decorative artwork, or running matter. This resolves the extraction-volume warning only; claim and fine-structure review remain required.
KB-WHO-LBM4-RA	14	PAGE_TEXT_LOW_VOLUME_REVIEW_REQUIRED	ACCEPT_LOW_VOLUME_TEXT_SOURCE_BOUND_VISUAL_REVIEW_CLAIM_REVIEW_REQUIRED	SOURCE_BOUND_RENDER_VISUAL_REVIEW	Rendered page contains only visibly represented source-title/divider text, decorative artwork, or running matter. This resolves the extraction-volume warning only; claim and fine-structure review remain required.
KB-WHO-LBM4-RA	15	ROTATED_TEXT_OMITTED_BY_LAYOUT_MODE	ACCEPT_NATIVE_TEXT_ROTATED_TEMPLATE_LABEL_NONMATERIAL	SOURCE_BOUND_RENDER_VISUAL_AND_TEXT_COMPARISON	Visible headings, body prose, lists, and table cell text are retained by native layout extraction; the warning-triggering rotated SECTION label is redundant template text. Table semantics, claims, and final structure remain review-gated.
KB-WHO-LBM4-RA	19	ROTATED_TEXT_OMITTED_BY_LAYOUT_MODE	ACCEPT_NATIVE_TEXT_ROTATED_TEMPLATE_LABEL_NONMATERIAL	SOURCE_BOUND_RENDER_VISUAL_AND_TEXT_COMPARISON	Visible headings, body prose, lists, and table cell text are retained by native layout extraction; the warning-triggering rotated SECTION label is redundant template text. Table semantics, claims, and final structure remain review-gated.
KB-WHO-LBM4-RA	27	ROTATED_TEXT_OMITTED_BY_LAYOUT_MODE	ACCEPT_NATIVE_TEXT_ROTATED_TEMPLATE_LABEL_NONMATERIAL	SOURCE_BOUND_RENDER_VISUAL_AND_TEXT_COMPARISON	Native layout extraction retains the complete five-by-five risk matrix, both axis labels, all likelihood and consequence categories, every cell value, explanatory prose, and the table caption. The rotated SECTION label is redundant; matrix claims and final structure remain review-gated.
KB-WHO-LBM4-RA	28	ROTATED_TEXT_OMITTED_BY_LAYOUT_MODE	ACCEPT_NATIVE_TEXT_ROTATED_TEMPLATE_LABEL_NONMATERIAL	SOURCE_BOUND_RENDER_VISUAL_AND_TEXT_COMPARISON	Native layout extraction retains the figure's process nodes, risk endpoints, explanatory prose, and caption. The omitted vertical Risk axis title is redundant to the caption and Very high/Very low endpoints; figure claims and final structure remain review-gated.
KB-WHO-LBM4-RA	38	PAGE_TEXT_LOW_VOLUME_REVIEW_REQUIRED	ACCEPT_LOW_VOLUME_TEXT_SOURCE_BOUND_VISUAL_REVIEW_CLAIM_REVIEW_REQUIRED	SOURCE_BOUND_RENDER_VISUAL_REVIEW	Rendered page contains only visibly represented source-title/divider text, decorative artwork, or running matter. This resolves the extraction-volume warning only; claim and fine-structure review remain required.
KB-WHO-LBM4-RA	39	ROTATED_TEXT_OMITTED_BY_LAYOUT_MODE	ACCEPT_NATIVE_TEXT_ROTATED_TEMPLATE_LABEL_NONMATERIAL	SOURCE_BOUND_RENDER_VISUAL_AND_TEXT_COMPARISON	Visible headings, body prose, lists, and table cell text are retained by native layout extraction; the warning-triggering rotated SECTION label is redundant template text. Table semantics, claims, and final structure remain review-gated.
KB-WHO-LBM4-RA	129	PAGE_TEXT_EMPTY_POSSIBLE_SCAN_OR_DECORATIVE_PAGE	CONFIRMED_BLANK_SOURCE_BOUND_RENDER	SOURCE_BOUND_RENDER_VISUAL_REVIEW	Rendered page is visually blank; immutable extraction provenance is retained and no text candidate is generated.
KB-WHO-LBM4-RA	130	PAGE_TEXT_EMPTY_POSSIBLE_SCAN_OR_DECORATIVE_PAGE	CONFIRMED_BLANK_SOURCE_BOUND_RENDER	SOURCE_BOUND_RENDER_VISUAL_REVIEW	Rendered page is visually blank; immutable extraction provenance is retained and no text candidate is generated.
KB-WHO-LBM4-RA	131	PAGE_TEXT_LOW_VOLUME_REVIEW_REQUIRED	ACCEPT_LOW_VOLUME_TEXT_SOURCE_BOUND_VISUAL_REVIEW_CLAIM_REVIEW_REQUIRED	SOURCE_BOUND_RENDER_VISUAL_REVIEW	Rendered page contains only visibly represented source-title/divider text, decorative artwork, or running matter. This resolves the extraction-volume warning only; claim and fine-structure review remain required.
KB-WHO-LBM4-RA	132	PAGE_TEXT_LOW_VOLUME_REVIEW_REQUIRED	ACCEPT_LOW_VOLUME_TEXT_SOURCE_BOUND_VISUAL_REVIEW_CLAIM_REVIEW_REQUIRED	SOURCE_BOUND_RENDER_VISUAL_REVIEW	Rendered page contains only visibly represented source-title/divider text, decorative artwork, or running matter. This resolves the extraction-volume warning only; claim and fine-structure review remain required.
