candidate_id	staged_filename	source_location	size_bytes	sha256	status	publisher	title	identifier	publication_date	official_landing_page	direct_download_url	retrieved_at_utc	expected_document_type	reason_for_inclusion	official_equivalence	verification_date	currentness_status	supersession_status	page_count_note	extraction_eligibility	live_activation_status
KB-MY-ACT678	KB-MY-ACT678_Biosafety_Act_2007.pdf	https://www.biosafety.gov.my/assets/document/akta-dan-peraturan/1-akta-biokeselamatan-2007-akta-678.pdf	1174486	8c2badc2db503906b92a42b905736653b868ee3c7bc6fb79719e0081cf25e8cc	STAGED_OWNER_DESIGNATED_SOLE_CANONICAL_BIOSAFE_SOURCE	Department of Biosafety Malaysia	Biosafety Act 2007 (Act 678)	Act 678	2007	https://www.biosafety.gov.my/	https://www.biosafety.gov.my/assets/document/akta-dan-peraturan/1-akta-biokeselamatan-2007-akta-678.pdf	2026-09-08T08:29:35Z	Primary legislation	Project owner designated this existing local/staged file as BioSafe's sole canonical Act 678 source; no text from the competing PDF may be merged or substituted. Amendment, currentness, applicability, claim-support, and live-activation review remain pending.	OWNER_DESIGNATED_CANONICAL_MATCHES_STILL_LIVE_OFFICIAL_ENDPOINT	2026-09-09	OWNER_DESIGNATED_SOLE_CANONICAL_BIOSAFE_SOURCE_AMENDMENT_REVIEW_REQUIRED	AMENDMENT_AND_CLAIM_LEVEL_CURRENTNESS_REVIEW_REQUIRED	Canonical BioSafe source: 1174486 bytes, SHA-256 8c2badc2...; the previously observed competing publisher PDF is retained as historical provenance only and is not a BioSafe corpus source.	ELIGIBLE_FOR_OFFLINE_EXTRACTION	PROHIBITED_PENDING_PHASE_C_GATES
KB-MY-REG2010	KB-MY-REG2010_Approval_and_Notification_Regulations_2010.pdf	https://www.biosafety.gov.my/assets/document/akta-dan-peraturan/2-peraturan-biokeselamatan-kelulusan-dan-pemberitahuan.pdf	328315	6e8364d8e7015738863ed9194a62d16ec62f18c85f338e438a533ed98d83a756	STAGED_OFFICIAL_EQUIVALENCE_VERIFIED_CURRENT_LISTING_REVIEWED	Department of Biosafety Malaysia	Biosafety (Approval and Notification) Regulations 2010	P.U. (A) 367/2010	2010	https://www.biosafety.gov.my/	https://www.biosafety.gov.my/assets/document/akta-dan-peraturan/2-peraturan-biokeselamatan-kelulusan-dan-pemberitahuan.pdf	2026-09-08T08:29:35Z	Primary regulation	Existing local candidate; official identity, currentness, and supersession verification pending.	BYTE_IDENTICAL_TO_OFFICIAL_ENDPOINT	2026-09-08	CURRENT_OFFICIAL_LISTING_VERIFIED_AMENDMENT_REVIEW_REQUIRED	COMPLETE_AMENDMENT_AND_CLAIM_CURRENTNESS_REVIEW_REQUIRED		ELIGIBLE_FOR_OFFLINE_EXTRACTION	PROHIBITED_PENDING_PHASE_C_GATES
KB-MY-GMMRA	KB-MY-GMMRA_Risk_Assessment_GM_Microorganisms.pdf	https://www.biosafety.gov.my/assets/document/garis-panduan-biokeselamatan/4-garis-panduan-penilaian-risiko-mikroorganisma-gm.pdf	4836858	73bf243e09780e6b4b71319b4b4e8b53ed5247112bb8ee179c737897d9f489e6	STAGED_OFFICIAL_EQUIVALENCE_VERIFIED_CURRENT_LISTING_REVIEWED	Department of Biosafety Malaysia	Biosafety Guidelines: Risk Assessment of Genetically Modified Microorganisms	Not stated	2012	https://www.biosafety.gov.my/	https://www.biosafety.gov.my/assets/document/garis-panduan-biokeselamatan/4-garis-panduan-penilaian-risiko-mikroorganisma-gm.pdf	2026-09-08T08:29:35Z	Official LMO/GMM guidance	Existing local candidate; official identity, currentness, and supersession verification pending.	BYTE_IDENTICAL_TO_OFFICIAL_ENDPOINT	2026-09-08	CURRENT_OFFICIAL_LISTING_VERIFIED	NO_SUPERSEDING_GUIDELINE_ESTABLISHED		ELIGIBLE_FOR_OFFLINE_EXTRACTION	PROHIBITED_PENDING_PHASE_C_GATES
KB-MY-CU	KB-MY-CU_Contained_Use_LMO_Guidelines.pdf	https://www.biosafety.gov.my/assets/document/garis-panduan-biokeselamatan/7-garis-panduan-aktiviti-kegunaan-terkawal-lmo.pdf	6125293	164839a62dd6a875b8590307db4f74a4dcebdb4ffbd2e4f34179e8d3279242bf	STAGED_OFFICIAL_EQUIVALENCE_VERIFIED_CURRENT_LISTING_REVIEWED	Department of Biosafety Malaysia	Biosafety Guidelines for Contained Use Activity of Living Modified Organism (LMO)	Not stated	2010	https://www.biosafety.gov.my/	https://www.biosafety.gov.my/assets/document/garis-panduan-biokeselamatan/7-garis-panduan-aktiviti-kegunaan-terkawal-lmo.pdf	2026-09-08T08:29:35Z	Official LMO contained-use guidance	Existing local candidate; official identity, currentness, and supersession verification pending.	BYTE_IDENTICAL_TO_OFFICIAL_ENDPOINT	2026-09-08	CURRENT_OFFICIAL_LISTING_VERIFIED	NO_SUPERSEDING_GUIDELINE_ESTABLISHED		ELIGIBLE_FOR_OFFLINE_EXTRACTION	PROHIBITED_PENDING_PHASE_C_GATES
KB-MY-IBC	KB-MY-IBC_Institutional_Biosafety_Committee_Guidelines.pdf	https://www.biosafety.gov.my/assets/document/garis-panduan-biokeselamatan/8-garis-panduan-jawatankuasa-keinstitusian-biokeselamatan-ibc.pdf	2222274	e1950823f5430b111d5527c65a127a626bb91872a7a5141ff13dc08c946ec61d	STAGED_OFFICIAL_EQUIVALENCE_VERIFIED_CURRENT_LISTING_REVIEWED	Department of Biosafety Malaysia	Biosafety Guidelines for Institutional Biosafety Committees (IBC)	Not stated	2010	https://www.biosafety.gov.my/	https://www.biosafety.gov.my/assets/document/garis-panduan-biokeselamatan/8-garis-panduan-jawatankuasa-keinstitusian-biokeselamatan-ibc.pdf	2026-09-08T08:29:35Z	Official LMO governance guidance	Existing local candidate; official identity, currentness, and supersession verification pending.	BYTE_IDENTICAL_TO_OFFICIAL_ENDPOINT	2026-09-08	CURRENT_OFFICIAL_LISTING_VERIFIED	NO_SUPERSEDING_GUIDELINE_ESTABLISHED		ELIGIBLE_FOR_OFFLINE_EXTRACTION	PROHIBITED_PENDING_PHASE_C_GATES
KB-MY-FORME	KB-MY-FORME_Biosafety_Users_Guide_Form_E.pdf	https://www.biosafety.gov.my/assets/document/garis-panduan-biokeselamatan/9-garis-panduan-pengguna-biokeselamatan.pdf	4112526	f1108b15d10b374f4fd65b11decddbdc70c3b537145255ecb183b62ecd2bd4e3	STAGED_OFFICIAL_EQUIVALENCE_VERIFIED_CURRENT_LISTING_REVIEWED	Department of Biosafety Malaysia	Biosafety User's Guide / Form E (NBB/N/CU/10/FORM E)	NBB/N/CU/10/FORM E	2010	https://www.biosafety.gov.my/	https://www.biosafety.gov.my/assets/document/garis-panduan-biokeselamatan/9-garis-panduan-pengguna-biokeselamatan.pdf	2026-09-08T08:29:35Z	Official LMO user guide and form guidance	Existing local candidate; official identity, currentness, and supersession verification pending.	BYTE_IDENTICAL_TO_OFFICIAL_ENDPOINT	2026-09-08	CURRENT_OFFICIAL_LISTING_VERIFIED_PROCEDURAL_RECONCILIATION_REQUIRED	NO_SUPERSEDING_FILE_ESTABLISHED		ELIGIBLE_FOR_OFFLINE_EXTRACTION	PROHIBITED_PENDING_PHASE_C_GATES
KB-WHO-LBM4	KB-WHO-LBM4_Laboratory_Biosafety_Manual_4th_Edition.pdf	https://iris.who.int/bitstreams/41034b03-94b4-4fd6-9c6b-7662117127ac/download	3142655	dc0dfd4e65a0dc87410aa73280fe12bfe412df3affd97bd27dc8a4e733379fba	STAGED_OFFICIAL_EQUIVALENCE_VERIFIED_CURRENT_LISTING_REVIEWED	World Health Organization	Laboratory biosafety manual, 4th edition	ISBN 978-92-4-001131-1	2020-12-21	https://www.who.int/publications/i/item/9789240011311	https://iris.who.int/bitstreams/41034b03-94b4-4fd6-9c6b-7662117127ac/download	2026-09-08T08:29:35Z	WHO technical guidance	Existing local candidate; official identity, currentness, and supersession verification pending.	BYTE_IDENTICAL_TO_OFFICIAL_ENDPOINT	2026-09-08	CURRENT_OFFICIAL_PUBLICATION_PAGE_VERIFIED	FOURTH_EDITION	WHO page reports 124 pages; IRIS bibliographic description is xvii, 101 p.; staged file is byte-identical to IRIS English PDF.	ELIGIBLE_FOR_OFFLINE_EXTRACTION	PROHIBITED_PENDING_PHASE_C_GATES
KB-WHO-BIOSEC	KB-WHO-BIOSEC_Laboratory_Biosecurity_Guidance.pdf	https://iris.who.int/bitstreams/6bcee6cb-9841-4c36-a86f-f0caf920fa46/download	1165974	0be0952e29286d6d527d557cca8ef1b20d7cf3d299adf3cd008611bd01f32b2f	STAGED_OFFICIAL_EQUIVALENCE_VERIFIED_CURRENT_LISTING_REVIEWED	World Health Organization	Laboratory biosecurity guidance	ISBN 978-92-4-009511-3	2024-06-21	https://www.who.int/publications/i/item/9789240095113	https://iris.who.int/bitstreams/6bcee6cb-9841-4c36-a86f-f0caf920fa46/download	2026-09-08T08:29:35Z	WHO normative guidance	Existing local candidate; official identity, currentness, and supersession verification pending.	BYTE_IDENTICAL_TO_OFFICIAL_ENDPOINT	2026-09-08	CURRENT_OFFICIAL_PUBLICATION_PAGE_VERIFIED	2024_REVISION	Reconciled: WHO page reports 110 pages; IRIS describes xvii, 88 p.; staged file is byte-identical to the same IRIS English PDF. Counts use different conventions.	ELIGIBLE_FOR_OFFLINE_EXTRACTION	PROHIBITED_PENDING_PHASE_C_GATES
KB-WHO-LBM4-RA	KB-WHO-LBM4-RA_Risk_Assessment.pdf	https://iris.who.int/bitstreams/59039e42-9801-4068-86f6-1ac3f7e47aab/download	2909550	2bb1506804cd9b621c3307caa1e7f44174610dbdba440d50f94620a83280c198	STAGED_OFFICIAL_DOWNLOAD_IDENTITY_VERIFIED_CURRENTNESS_UNVERIFIED	World Health Organization	Laboratory biosafety manual, 4th edition: Risk assessment	ISBN 978-92-4-001145-8	2020-12-21	https://www.who.int/publications/i/item/9789240011458	https://iris.who.int/bitstreams/59039e42-9801-4068-86f6-1ac3f7e47aab/download	2026-09-08T07:49:12Z	WHO subject-specific technical guidance	Foundational biological risk-assessment education and provenance for existing derived claims.	DOWNLOADED_FROM_OFFICIAL_ENDPOINT	2026-09-08	CURRENT_OFFICIAL_PUBLICATION_PAGE_VERIFIED	LBM4_ASSOCIATED_MONOGRAPH		ELIGIBLE_FOR_OFFLINE_EXTRACTION	PROHIBITED_PENDING_PHASE_C_GATES
KB-WHO-LBM4-DESIGN	KB-WHO-LBM4-DESIGN_Laboratory_Design_and_Maintenance.pdf	https://iris.who.int/bitstreams/90b379da-6610-4e28-828c-ddd615287bea/download	725013	4b04317d76b4671ed0b8a53bc701585bceafce63ea80e3118c7f5d535dbc4c1b	STAGED_OFFICIAL_DOWNLOAD_IDENTITY_VERIFIED_CURRENTNESS_UNVERIFIED	World Health Organization	Laboratory biosafety manual, 4th edition: Laboratory design and maintenance	ISBN 978-92-4-001139-7	2020-12-21	https://www.who.int/publications/i/item/9789240011397	https://iris.who.int/bitstreams/90b379da-6610-4e28-828c-ddd615287bea/download	2026-09-08T07:49:12Z	WHO subject-specific technical guidance	Detailed risk-based laboratory design and maintenance education.	DOWNLOADED_FROM_OFFICIAL_ENDPOINT	2026-09-08	CURRENT_OFFICIAL_PUBLICATION_PAGE_VERIFIED	LBM4_ASSOCIATED_MONOGRAPH		ELIGIBLE_FOR_OFFLINE_EXTRACTION	PROHIBITED_PENDING_PHASE_C_GATES
KB-WHO-LBM4-BSC	KB-WHO-LBM4-BSC_Primary_Containment_Devices.pdf	https://iris.who.int/bitstreams/c0a88d57-bf73-46f6-8390-33789404f990/download	970693	6fbddf6ff65d3e9b0f3ed2189b70ce17fa8bf6977a764a227422dc4cc8bdc5d7	STAGED_OFFICIAL_DOWNLOAD_IDENTITY_VERIFIED_CURRENTNESS_UNVERIFIED	World Health Organization	Laboratory biosafety manual, 4th edition: Biological safety cabinets and other primary containment devices	ISBN 978-92-4-001133-5	2020-12-21	https://www.who.int/publications/i/item/9789240011335	https://iris.who.int/bitstreams/c0a88d57-bf73-46f6-8390-33789404f990/download	2026-09-08T07:49:12Z	WHO subject-specific technical guidance	Detailed primary-containment selection, use, and limitation education.	DOWNLOADED_FROM_OFFICIAL_ENDPOINT	2026-09-08	CURRENT_OFFICIAL_PUBLICATION_PAGE_VERIFIED	LBM4_ASSOCIATED_MONOGRAPH		ELIGIBLE_FOR_OFFLINE_EXTRACTION	PROHIBITED_PENDING_PHASE_C_GATES
KB-WHO-LBM4-PPE	KB-WHO-LBM4-PPE_Personal_Protective_Equipment.pdf	https://iris.who.int/bitstreams/80167a81-172d-43ab-acd2-de097ed17f46/download	3476881	016a46c280a7d0801c69fa5f44bfa350b8217f1a1eff608ac26678d97129cf55	STAGED_OFFICIAL_DOWNLOAD_IDENTITY_VERIFIED_CURRENTNESS_UNVERIFIED	World Health Organization	Laboratory biosafety manual, 4th edition: Personal protective equipment	ISBN 978-92-4-001141-0	2020-12-21	https://www.who.int/publications/i/item/9789240011410	https://iris.who.int/bitstreams/80167a81-172d-43ab-acd2-de097ed17f46/download	2026-09-08T07:49:12Z	WHO subject-specific technical guidance	Foundational PPE education and provenance for existing derived claims.	DOWNLOADED_FROM_OFFICIAL_ENDPOINT	2026-09-08	CURRENT_OFFICIAL_PUBLICATION_PAGE_VERIFIED	LBM4_ASSOCIATED_MONOGRAPH		ELIGIBLE_FOR_OFFLINE_EXTRACTION	PROHIBITED_PENDING_PHASE_C_GATES
KB-WHO-LBM4-DECON	KB-WHO-LBM4-DECON_Decontamination_and_Waste_Management.pdf	https://iris.who.int/bitstreams/cfb8a5aa-d5c7-4113-91fe-31c1b2246845/download	715596	213dc79b68d07c4b301b3288a7881e4dfeccba5222a1ee2a400bc0a6870b2ee2	STAGED_OFFICIAL_DOWNLOAD_IDENTITY_VERIFIED_CURRENTNESS_UNVERIFIED	World Health Organization	Laboratory biosafety manual, 4th edition: Decontamination and waste management	ISBN 978-92-4-001135-9	2020-12-21	https://www.who.int/publications/i/item/9789240011359	https://iris.who.int/bitstreams/cfb8a5aa-d5c7-4113-91fe-31c1b2246845/download	2026-09-08T07:49:12Z	WHO subject-specific technical guidance	Detailed decontamination and biological-waste management education.	DOWNLOADED_FROM_OFFICIAL_ENDPOINT	2026-09-08	CURRENT_OFFICIAL_PUBLICATION_PAGE_VERIFIED	LBM4_ASSOCIATED_MONOGRAPH		ELIGIBLE_FOR_OFFLINE_EXTRACTION	PROHIBITED_PENDING_PHASE_C_GATES
KB-WHO-LBM4-PROG	KB-WHO-LBM4-PROG_Biosafety_Programme_Management.pdf	https://iris.who.int/bitstreams/8f84ca9a-17d0-407e-8ab3-1078b9dad868/download	837739	4c76c350e0835b8274ac3651fc40de65e6b2481be302c7b3c0d012aac248ef65	STAGED_OFFICIAL_DOWNLOAD_IDENTITY_VERIFIED_CURRENTNESS_UNVERIFIED	World Health Organization	Laboratory biosafety manual, 4th edition: Biosafety programme management	ISBN 978-92-4-001143-4	2020-12-21	https://www.who.int/publications/i/item/9789240011434	https://iris.who.int/bitstreams/8f84ca9a-17d0-407e-8ab3-1078b9dad868/download	2026-09-08T07:49:12Z	WHO subject-specific technical guidance	Institutional biosafety programme and safety-culture education.	DOWNLOADED_FROM_OFFICIAL_ENDPOINT	2026-09-08	CURRENT_OFFICIAL_PUBLICATION_PAGE_VERIFIED	LBM4_ASSOCIATED_MONOGRAPH		ELIGIBLE_FOR_OFFLINE_EXTRACTION	PROHIBITED_PENDING_PHASE_C_GATES
KB-WHO-LBM4-OUTBREAK	KB-WHO-LBM4-OUTBREAK_Outbreak_Preparedness_and_Resilience.pdf	https://iris.who.int/bitstreams/443c98e2-9956-4aab-b25a-08f7c9af7b8f/download	1156566	08612743929b289a38c43c0bcc6b8563be9c032a3337704beb190e86c2ac35ac	STAGED_OFFICIAL_DOWNLOAD_IDENTITY_VERIFIED_CURRENTNESS_UNVERIFIED	World Health Organization	Laboratory biosafety manual, 4th edition: Outbreak preparedness and resilience	ISBN 978-92-4-001137-3	2020-12-21	https://www.who.int/publications/i/item/9789240011373	https://iris.who.int/bitstreams/443c98e2-9956-4aab-b25a-08f7c9af7b8f/download	2026-09-08T07:49:12Z	WHO subject-specific technical guidance	Outbreak laboratory preparedness, continuity, and resilience education.	DOWNLOADED_FROM_OFFICIAL_ENDPOINT	2026-09-08	CURRENT_OFFICIAL_PUBLICATION_PAGE_VERIFIED	LBM4_ASSOCIATED_MONOGRAPH		ELIGIBLE_FOR_OFFLINE_EXTRACTION	PROHIBITED_PENDING_PHASE_C_GATES
KB-MY-TRANSPORT2023	KB-MY-TRANSPORT2023_Safe_Transport_Clinical_Specimens_and_Infectious_Substances.pdf	https://www.moh.gov.my/images/04-penerbitan/garis-panduan-kkm/GUIDELINES%20FOR%20THE%20SAFE%20TRANSPORT%20OF%20CLINICAL%20SPECIMENS_compressed.pdf	1435954	5556604a5812a2f1a2b7a30600bf097c9d40d588e449b46ef643ff8aad727088	STAGED_OFFICIAL_DOWNLOAD_IDENTITY_VERIFIED_CURRENTNESS_UNVERIFIED	Ministry of Health Malaysia	Guidelines For The Safe Transport Of Clinical Specimens And Infectious Substances In Malaysia 2023	Not stated	2023	https://www.moh.gov.my/en/publications-and-reports/policies-act-policies-guide-lines/garis-panduan-umum-kkm/senarai-garis-panduan-umum-awam/guidelines-for-the-safe-transport-of-clinical-specimens-and-infectious-substances-in-malaysia-2023	https://www.moh.gov.my/images/04-penerbitan/garis-panduan-kkm/GUIDELINES%20FOR%20THE%20SAFE%20TRANSPORT%20OF%20CLINICAL%20SPECIMENS_compressed.pdf	2026-09-08T07:49:12Z	Malaysian government technical guideline	Controlled original for Malaysian clinical-specimen and infectious-substance transport coverage and existing claims.	DOWNLOADED_FROM_OFFICIAL_ENDPOINT	2026-09-08	CURRENT_OFFICIAL_PUBLICATION_PAGE_VERIFIED	NO_SUPERSEDING_GUIDELINE_ESTABLISHED		ELIGIBLE_FOR_OFFLINE_EXTRACTION	PROHIBITED_PENDING_PHASE_C_GATES
KB-MY-SW2005	KB-MY-SW2005_Environmental_Quality_Scheduled_Wastes_Regulations_2005.pdf	https://www.doe.gov.my/wp-content/uploads/2021/08/Peraturan_Kualiti_Alam_Sekeliling_Buangan_Terjadual_2005_-_P.U.A_294-2005.pdf	223551	3dca6afa777def71708edc1db9ef56fc543a1007176e4c327a9ebe6c4172a5d0	STAGED_OFFICIAL_DOWNLOAD_IDENTITY_VERIFIED_CURRENTNESS_UNVERIFIED	Department of Environment Malaysia	Environmental Quality (Scheduled Wastes) Regulations 2005	P.U. (A) 294/2005	2005	https://www.doe.gov.my/en/environmental-quality-scheduled-waste-regulations-2005-p-u-a-294-2005/	https://www.doe.gov.my/wp-content/uploads/2021/08/Peraturan_Kualiti_Alam_Sekeliling_Buangan_Terjadual_2005_-_P.U.A_294-2005.pdf	2026-09-08T07:49:12Z	Malaysian subsidiary legislation	Controlled official original for scheduled-waste provenance; applicability and amendments require separate verification.	DOWNLOADED_FROM_OFFICIAL_ENDPOINT	2026-09-08	OFFICIAL_SOURCE_VERIFIED_AMENDMENT_REVIEW_REQUIRED	AMENDMENT_RELATIONSHIPS_NOT_FULLY_RECONCILED		ELIGIBLE_FOR_OFFLINE_EXTRACTION	PROHIBITED_PENDING_PHASE_C_GATES
KB-MY-AMEND2019	KB-MY-AMEND2019_First_Third_Schedule_Amendment.pdf	https://www.biosafety.gov.my/assets/document/akta-dan-peraturan/3-perintah-biokeselamatan-pindaan-jadual-pertama-dan-jadual-ketiga-2019.pdf	217728	afcba3598e4188c6aafc452544d2dd4a4505d8f8785b4a251b6c922444d2523c	STAGED_OFFICIAL_DOWNLOAD_VISUALLY_TRANSCRIBED_REVIEW_ACCEPTED	Department of Biosafety Malaysia	Perintah Biokeselamatan (Pindaan Jadual Pertama dan Jadual Ketiga) 2019	2019 amendment order	2019	https://www.biosafety.gov.my/	https://www.biosafety.gov.my/assets/document/akta-dan-peraturan/3-perintah-biokeselamatan-pindaan-jadual-pertama-dan-jadual-ketiga-2019.pdf	2026-09-13T00:30:00Z	Amendment order to First and Third Schedules	Official homepage listing confirmed; downloaded unchanged for offline reconciliation; visual transcription accepted as transcribed by BioSafe project owner on 2026-09-13.	DOWNLOADED_FROM_OFFICIAL_ENDPOINT	2026-09-13	OFFICIAL_IDENTITY_VERIFIED_VISUAL_TRANSCRIPTION_ACCEPTED	COMPLETE_AMENDMENT_AND_CLAIM_CURRENTNESS_REVIEW_REQUIRED	Six PDF pages; image-only, zero extractable text; English pages 3 and 6 visually transcribed and accepted; no OCR text layer.	ELIGIBLE_FOR_OFFLINE_EXTRACTION	PROHIBITED_PENDING_PHASE_C_GATES
